{
	"name" : {
		"text": "destasia.pouvoir.air"
	},
 
	"icon": {
        "type": "texture",
        "texture": "destasia:textures/gui/air.png"
        },

	"capsule_color": 16316149,

	"abilities": {
		"toggle": {
            "ability": "lucraftcore:toggle_power",
            "show_in_bar": true,
            "title": {"translate":"Activation du pouvoir"},
            "icon": { "type": "texture",
            "texture": "destasia:textures/gui/air.png" },
            "bar_color": "white"
            },
        
        "arm_vortex": {
            "ability": "speedsterheroes:arm_vortex",
			"show_in_bar": true,
            "cooldown": 160,
            "distance": 15,
            "title": {"translate":"Souffle"},
            "icon": { "type": "texture",
            "texture": "destasia:textures/gui/air_souffle.png" },
            "bar_color": "white",
			"required_ability" : "toggle"
            },

        "super_speed": {
            "ability": "speedsterheroes:super_speed",
            "cooldown": 0,
            "show_in_bar": true,
            "title": {"translate":"Grand Vitesse"},
            "icon": { "type": "texture",
            "texture": "destasia:textures/gui/air_grand_vitesse.png"},
            "bar_color": "white",
            "base_speed_levels": 1,
            "gives_xp": false,
            "required_ability" : "toggle"
            },

        "slowfall": {
            "ability": "lucraftcore:slowfall",
            "cooldown": 200,
            "show_in_bar": true,
            "title": {"translate":"Control Chûte"},
            "icon": { "type": "texture",
            "texture": "destasia:textures/gui/air_control.png" },
            "bar_color": "white",
            "required_ability": "toggle"
            },

        "flight": {
            "ability": "lucraftcore:flight",
            "cooldown": 300,
            "show_in_bar": true,
            "title": {"translate":"Vole"},
            "icon": { "type": "texture",
            "texture": "destasia:textures/gui/air_voler.png" },
            "bar_color": "white",
            "speed": 1,
            "sprint_speed": 1.5,
            "rotate_arms": false,
            "required_ability":"toggle"
            },

        "teleport": {
            "ability": "lucraftcore:teleport",
            "cooldown": 300,
            "show_in_bar": true,
            "title": {"translate":"Téleportation"},
            "icon": { "type": "texture",
            "texture": "destasia:textures/gui/air_teleportation.png" },
            "bar_color": "white",
            "distance": 50,
            "required_ability" : "toggle"
            },

        "force_field": {
            "ability": "heroesexpansion:force_field",
            "cooldown": 60,
            "show_in_bar": true,
            "title": {"translate":"Bouclier aerien"},
            "icon": { "type": "texture",
            "texture": "destasia:textures/gui/air_bouclier.png" },
            "bar_color": "white",
            "color": [238, 235, 233],
            "required_ability": "toggle"
            },

        "levitation": {
            "ability": "lucraftcore:command",
            "show_in_bar": true,
            "title": {"text": "Levitation"},
            "cooldown": 300,
            "icon": { "type": "texture",
            "texture": "destasia:textures/gui/air_levitation.png" },
            "bar_color": "white",
            "commands": [
            "effect @p[rm=1,r=5] minecraft:levitation 3 2"],
            "required_ability" : "toggle"
            }
	}
}