{
	"name" : {
		"text": "air_vole"
	},
 
	"icon": {
        "type": "texture",
        "texture": "destasia:textures/gui/air.png"
        },

	"capsule_color": 16316149,

	"abilities": {
		"toggle": {
            "ability": "lucraftcore:toggle_power",
            "show_in_bar": true,
            "title": {"translate":"Activation du pouvoir"},
            "icon": { "type": "texture",
            "texture": "destasia:textures/gui/air.png" },
            "bar_color": "white"
            },

        "flight": {
            "ability": "lucraftcore:flight",
            "cooldown": 200,
            "show_in_bar": true,
            "title": {"translate":"Vole"},
            "icon": { "type": "texture",
            "texture": "destasia:textures/gui/air_voler.png" },
            "bar_color": "white",
            "speed": 1,
            "sprint_speed": 1.5,
            "rotate_arms": false,
            "required_ability":"toggle"
            }
	}
}