{
	"name" : {
		"text": "air_bouclier_aerien"
	},
 
	"icon": {
        "type": "texture",
        "texture": "destasia:textures/gui/air.png"
        },

	"capsule_color": 16316149,

	"abilities": {
		"toggle": {
            "ability": "lucraftcore:toggle_power",
            "show_in_bar": true,
            "title": {"translate":"Activation du pouvoir"},
            "icon": { "type": "texture",
            "texture": "destasia:textures/gui/air.png" },
            "bar_color": "white"
            },

        "force_field": {
            "ability": "heroesexpansion:force_field",
            "cooldown": 50,
            "show_in_bar": true,
            "title": {"translate":"Bouclier aerien"},
            "icon": { "type": "texture",
            "texture": "destasia:textures/gui/air_bouclier.png" },
            "bar_color": "white",
            "color": [238, 235, 233],
            "required_ability": "toggle"
            }
	}
}