{
	"name" : {
		"text": "air_bourrasque"
	},
 
	"icon": {
        "type": "texture",
        "texture": "destasia:textures/gui/air.png"
        },

	"capsule_color": 16316149,

	"abilities": {
		"toggle": {
            "ability": "lucraftcore:toggle_power",
            "show_in_bar": true,
            "title": {"translate":"Activation du pouvoir"},
            "icon": { "type": "texture",
            "texture": "destasia:textures/gui/air.png" },
            "bar_color": "white"
            },
        
        "arm_vortex": {
            "ability": "speedsterheroes:arm_vortex",
			"show_in_bar": true,
            "cooldown": 160,
            "distance": 15,
            "title": {"translate":"Souffle"},
            "icon": { "type": "texture",
            "texture": "destasia:textures/gui/air_souffle.png" },
            "bar_color": "white",
			"required_ability" : "toggle"
            }
	}
}