{
	"name" : {
		"text": "air_amorti"
	},
 
	"icon": {
        "type": "texture",
        "texture": "destasia:textures/gui/air.png"
        },

	"capsule_color": 16316149,

	"abilities": {
		"toggle": {
            "ability": "lucraftcore:toggle_power",
            "show_in_bar": true,
            "title": {"translate":"Activation du pouvoir"},
            "icon": { "type": "texture",
            "texture": "destasia:textures/gui/air.png" },
            "bar_color": "white"
            },

        "slowfall": {
            "ability": "lucraftcore:slowfall",
            "cooldown": 200,
            "show_in_bar": true,
            "title": {"translate":"Control Chûte"},
            "icon": { "type": "texture",
            "texture": "destasia:textures/gui/air_control.png" },
            "bar_color": "white",
            "required_ability": "toggle"
            }
	}
}