{
	"name" : {
		"text": "air_levitation"
	},
 
	"icon": {
        "type": "texture",
        "texture": "destasia:textures/gui/air.png"
        },

	"capsule_color": 16316149,

	"abilities": {
		"toggle": {
            "ability": "lucraftcore:toggle_power",
            "show_in_bar": true,
            "title": {"translate":"Activation du pouvoir"},
            "icon": { "type": "texture",
            "texture": "destasia:textures/gui/air.png" },
            "bar_color": "white"
            },

        "levitation": {
            "ability": "lucraftcore:command",
            "show_in_bar": true,
            "title": {"text": "Levitation"},
            "cooldown": 300,
            "icon": { "type": "texture",
            "texture": "destasia:textures/gui/air_levitation.png" },
            "bar_color": "white",
            "commands": [
            "effect @p[rm=1,r=5] minecraft:levitation 3 2"],
            "required_ability" : "toggle"
            }
	}
}