{
	"name" : {
		"text": "air_teleportation"
	},
 
	"icon": {
        "type": "texture",
        "texture": "destasia:textures/gui/air.png"
        },

	"capsule_color": 16316149,

	"abilities": {
		"toggle": {
            "ability": "lucraftcore:toggle_power",
            "show_in_bar": true,
            "title": {"translate":"Activation du pouvoir"},
            "icon": { "type": "texture",
            "texture": "destasia:textures/gui/air.png" },
            "bar_color": "white"
            },

        "teleport": {
            "ability": "lucraftcore:teleport",
            "cooldown": 300,
            "show_in_bar": true,
            "title": {"translate":"Téleportation"},
            "icon": { "type": "texture",
            "texture": "destasia:textures/gui/air_teleportation.png" },
            "bar_color": "white",
            "distance": 30,
            "required_ability" : "toggle"
            }
	}
}