{
	"name" : {
		"text": "air_grande_vitesse"
	},
 
	"icon": {
        "type": "texture",
        "texture": "destasia:textures/gui/air.png"
        },

	"capsule_color": 16316149,

	"abilities": {
		"toggle": {
            "ability": "lucraftcore:toggle_power",
            "show_in_bar": true,
            "title": {"translate":"Activation du pouvoir"},
            "icon": { "type": "texture",
            "texture": "destasia:textures/gui/air.png" },
            "bar_color": "white"
            },

        "super_speed": {
            "ability": "speedsterheroes:super_speed",
            "cooldown": 600,
            "show_in_bar": true,
            "title": {"translate":"Grand Vitesse"},
            "icon": { "type": "texture",
            "texture": "destasia:textures/gui/air_grand_vitesse.png"},
            "bar_color": "white",
            "base_speed_levels": 1,
            "gives_xp": false,
            "required_ability" : "toggle"
            }
	}
}