{
	"name": {
		"text": "animal_loup_vitesse"
	},

	"icon": {
        "type": "texture",
        "texture": "destasia:textures/gui/animaux.png"
        },

	"capsule_color": 15564304,

	"abilities": {
		"toggle": {
            "ability": "lucraftcore:toggle_power",
            "show_in_bar": true,
            "title": {"translate":"Activation du pouvoir"},
            "icon": { "type": "texture",
            "texture": "destasia:textures/gui/animaux.png" },
            "bar_color": "brown"
            },

        "odora": {
            "ability": "lucraftcore:command",
            "cooldown": 200,
            "show_in_bar": true,
            "title": {"translate":"Odora (abilité)"},
            "icon": {
                "type": "texture",
                "texture": "destasia:textures/gui/animaux_loup_odora.png"},
            "bar_color": "brown",
            "commands": [
                "title @s actionbar \"Vous pouvez suivre la trace des gens si vous connaissez déjà l’odeur.\""],
            "required_ability" : "toggle"
            },

        "super_speed": {
            "ability": "speedsterheroes:super_speed",
            "cooldown": 600,
            "show_in_bar": true,
            "title": {"translate":"Grand Vitesse"},
            "icon": { "type": "texture",
            "texture": "destasia:textures/gui/animaux_loup_vitesse.png"},
            "bar_color": "brown",
            "base_speed_levels": 1,
            "gives_xp": false,
            "required_ability" : "toggle"
            }
	}
}
