{
	"name": {
		"text": "animal_chauve_souris_cri_sonor"
	},

	"icon": {
        "type": "texture",
        "texture": "destasia:textures/gui/animaux.png"
        },

	"capsule_color": 15564304,

	"abilities": {
		"toggle": {
            "ability": "lucraftcore:toggle_power",
            "show_in_bar": true,
            "title": {"translate":"Activation du pouvoir"},
            "icon": { "type": "texture",
            "texture": "destasia:textures/gui/animaux.png" },
            "bar_color": "brown"
            },

        "command": {
            "ability": "lucraftcore:command_loop",
            "cooldown": 100,
            "show_in_bar": false,
            "title": {"translate":"Vision nocturne (abilité)"},
            "icon": { "type": "texture",
            "texture": "destasia:textures/gui/animaux_cs_vision.png" },
            "bar_color": "brown",
            "commands": [
            "effect @s minecraft:night_vision 1 1 true"],
            "required_ability" : "toggle"
            },

        "crie": {
            "ability": "lucraftcore:command",
            "cooldown": 600,
            "show_in_bar": true,
            "title": {"translate":"Crie sonor"},
            "icon": {
                "type": "texture",
                "texture": "destasia:textures/gui/animaux_cs_crie.png"},
            "bar_color": "brown",
            "commands": [
            "effect @p[rm=1,r=5] minecraft:slowness 10 5 true",
            "effect @p[rm=1,r=5] minecraft:blindness 10 2 true",
            "effect @p[rm=1,r=5] minecraft:nausea 10 2 true",
            "effect @p[rm=1,r=5] cgm:deafened 10 2 true",
            "particle instantSpell ~ ~ ~ 1 1 1 1 15 @p[rm=1,r=5]",
            "particle instantSpell ~ ~ ~ 1 1 1 1 100",
            "title @p[r=5,rm=1] actionbar \"Vous vous êtes evanuie\""],
            "required_ability" : "toggle"
            }
	}
}
