{
	"name": {
		"text": "destasia.animal.chauve_souris.repulsion_par_ondes_sonor"
	},

	"icon": {
        "type": "texture",
        "texture": "destasia:textures/gui/animaux.png"
        },

	"capsule_color": 15564304,

	"abilities": {
		"toggle": {
            "ability": "lucraftcore:toggle_power",
            "show_in_bar": true,
            "title": {"translate":"Activation du pouvoir"},
            "icon": { "type": "texture",
            "texture": "destasia:textures/gui/animaux.png" },
            "bar_color": "brown"
            },

        "command": {
            "ability": "lucraftcore:command_loop",
            "cooldown": 100,
            "show_in_bar": false,
            "title": {"translate":"Vision nocturne (abilité)"},
            "icon": { "type": "texture",
            "texture": "destasia:textures/gui/animaux_cs_vision.png" },
            "bar_color": "brown",
            "commands": [
            "effect @p minecraft:night_vision 1 1"],
            "required_ability" : "toggle"
            },

        "sonic_scream": {
            "ability": "the-fifth-world:screech",
            "cooldown": 100,
            "show_in_bar": true,
            "title": {"translate":"Crie sonor"},
            "icon": { "type": "texture",
            "texture": "destasia:textures/gui/animaux_cs_repulsion.png" },
            "bar_color": "brown",
            "damage": 3.0,
            "required_ability" : "toggle"
            }
	}
}
