{
	"name": {
		"text": "destasia.animal.chauve_souris"
	},

	"icon": {
        "type": "texture",
        "texture": "destasia:textures/gui/animaux.png"
        },

	"capsule_color": 15564304,

	"abilities": {
		"toggle": {
            "ability": "lucraftcore:toggle_power",
            "show_in_bar": true,
            "title": {"translate":"Activation du pouvoir"},
            "icon": { "type": "texture",
            "texture": "destasia:textures/gui/animaux.png" },
            "bar_color": "brown"
            },

        "flight": {
            "ability": "lucraftcore:flight",
            "cooldown": 400,
            "show_in_bar": true,
            "title": {"translate":"Voler"},
            "icon": { "type": "texture",
            "texture": "destasia:textures/gui/animaux_cs_voler.png" },
            "bar_color": "brown",
            "speed": 0.5,
            "sprint_speed": 1,
            "rotate_arms": true,
            "required_ability" : "toggle"
            },

        "command": {
            "ability": "lucraftcore:command_loop",
            "cooldown": 100,
            "show_in_bar": false,
            "title": {"translate":"Vision nocturne (abilité)"},
            "icon": { "type": "texture",
            "texture": "destasia:textures/gui/animaux_cs_vision.png" },
            "bar_color": "brown",
            "commands": [
            "effect @p minecraft:night_vision 1 1"],
            "required_ability" : "toggle"
            },

        "crie": {
            "ability": "lucraftcore:command",
            "cooldown": 100,
            "show_in_bar": true,
            "title": {"translate":"Crie sonor"},
            "icon": {
                "type": "texture",
                "texture": "destasia:textures/gui/animaux_cs_crie.png"},
            "bar_color": "brown",
            "commands": [
            "effect @p[rm=1,r=5] minecraft:slowness 10 5 true",
            "effect @p[rm=1,r=5] minecraft:blindness 10 2 true",
            "effect @p[rm=1,r=5] minecraft:nausea 10 2 true",
            "effect @p[rm=1,r=5] cgm:deafened 10 2 true",
            "particle instantSpell ~ ~ ~ 1 1 1 1 15 @p[rm=1,r=5]",
            "particle instantSpell ~ ~ ~ 1 1 1 1 100",
            "title @p[r=5,rm=1] actionbar \"Vous vous êtes evanuie\""],
            "required_ability" : "toggle"
            },

        "sonic_scream": {
            "ability": "the-fifth-world:screech",
            "cooldown": 140,
            "show_in_bar": true,
            "title": {"translate":"Répulsion sonor"},
            "icon": { "type": "texture",
            "texture": "destasia:textures/gui/animaux_cs_repulsion.png" },
            "bar_color": "brown",
            "damage": 3.0,
            "required_ability" : "toggle"
            }
	}
}
