{
	"name": {
		"text": "destasia.animal.serpent.instinct"
	},

	"icon": {
        "type": "texture",
        "texture": "destasia:textures/gui/animaux.png"
        },

	"capsule_color": 15564304,

	"abilities": {
		"toggle": {
            "ability": "lucraftcore:toggle_power",
            "show_in_bar": true,
            "title": {"translate":"Activation du pouvoir"},
            "icon": { "type": "texture",
            "texture": "destasia:textures/gui/animaux.png" },
            "bar_color": "brown"
            },

        "spider_sense": {
            "ability": "heroesexpansion:spider_sense",
            "show_in_bar": false,
            "title": {"translate":"Mode instinct"},
            "icon": { "type": "texture",
            "texture": "destasia:textures/gui/animaux_serpent_instinct.png" },
            "bar_color": "brown",
            "required_ability" : "toggle"
            }
	}
}