{
	"name": {
		"text": "animal_chauve_souris_voler"
	},

	"icon": {
        "type": "texture",
        "texture": "destasia:textures/gui/animaux.png"
        },

	"capsule_color": 15564304,

	"abilities": {
		"toggle": {
            "ability": "lucraftcore:toggle_power",
            "show_in_bar": true,
            "title": {"translate":"Activation du pouvoir"},
            "icon": { "type": "texture",
            "texture": "destasia:textures/gui/animaux.png" },
            "bar_color": "brown"
            },
            
        "command": {
            "ability": "lucraftcore:command_loop",
            "cooldown": 100,
            "show_in_bar": false,
            "title": {"translate":"Vision nocturne (abilité)"},
            "icon": { "type": "texture",
            "texture": "destasia:textures/gui/animaux_cs_vision.png" },
            "bar_color": "brown",
            "commands": [
            "effect @p minecraft:night_vision 1 1"],
            "required_ability" : "toggle"
            },

        "flight": {
            "ability": "lucraftcore:flight",
            "cooldown": 200,
            "show_in_bar": true,
            "title": {"translate":"Voler"},
            "icon": { "type": "texture",
            "texture": "destasia:textures/gui/animaux_cs_voler.png" },
            "bar_color": "brown",
            "speed": 0.5,
            "sprint_speed": 1,
            "rotate_arms": true,
            "required_ability" : "toggle"
            }
	}
}
