{
	"name": {
		"text": "animal_guepard_mega_vitesse"
	},

	"icon": {
        "type": "texture",
        "texture": "destasia:textures/gui/animaux.png"
        },

	"capsule_color": 15564304,

    "abilities": {
        "toggle": {
            "ability": "lucraftcore:toggle_power",
            "show_in_bar": true,
            "title": {"translate":"Activation du pouvoir"},
            "icon": { "type": "texture",
            "texture": "destasia:textures/gui/animaux.png" },
            "bar_color": "brown"
            },

        "strength": {
            "ability": "lucraftcore:strength",
            "show_in_bar": false,
            "title": {"translate":"Force (abilité)"},
            "icon": { "type": "texture",
            "texture": "destasia:textures/gui/animaux_guepard_force.png" },
            "bar_color": "brown",
            "amount": 1.0,
            "operation": 0,
            "uuid": "0669d99d-b34d-40fc-a4d8-c7ee963cc842"
            },

        "vitesse": {
            "ability": "speedsterheroes:super_speed",
            "cooldown": 300,
            "show_in_bar": true,
            "title": {"translate":"Grande vitesse"},
            "icon": { "type": "texture",
            "texture": "destasia:textures/gui/animaux_guepard_vitesse.png" },
            "bar_color": "brown",
            "base_speed_levels": 2,
            "gives_xp": false,
            "required_ability" : "toggle"
            },

        "change_speed": {
            "ability": "speedsterheroes:change_speed",
            "cooldown": 0,
            "show_in_bar": true,
            "title": {"translate":"Changement de vitesse (diminuer)"},
            "icon": {
                "type": "texture",
                "texture": "destasia:textures/gui/animaux_guepard_diminuer.png"},
            "bar_color": "brown",
            "accelerate": false
            },

        "change_sped": {
            "ability": "speedsterheroes:change_speed",
            "cooldown": 0,
            "show_in_bar": true,
            "title": {"translate":"Changement de vitesse (augmenter)"},
            "icon": {
                "type": "texture",
                "texture": "destasia:textures/gui/animaux_guepard_augmenter.png"},
            "bar_color": "brown",
            "accelerate": true
            }
    }
}

