{
	"name": {
		"text": "animal_poulpe_ejection_d_ancre"
	},

	"icon": {
        "type": "texture",
        "texture": "destasia:textures/gui/animaux.png"
        },

	"capsule_color": 15564304,

	"abilities": {
		"toggle": {
            "ability": "lucraftcore:toggle_power",
            "show_in_bar": true,
            "title": {"translate":"Activation du pouvoir"},
            "icon": { "type": "texture",
            "texture": "destasia:textures/gui/animaux.png" },
            "bar_color": "brown"
            },

        "water_breathing":{
            "ability" : "lucraftcore:water_breathing",
            "cooldown" : 0,
            "show_in_bar": true,
            "title": {"translate":"Respiration Aquatique (abilité)"},
            "icon": {
                "type": "texture",
                "texture": "destasia:textures/gui/animaux_poulpe_respiration.png"},
            "bar_color":"brown",
            "required_ability": "toggle"
            },

        "ancre": {
            "ability": "lucraftcore:command",
            "show_in_bar": true,
            "title": {"text": "Bourasque d'encre"},
            "cooldown": 200,
            "icon": { "type": "texture",
            "texture": "destasia:textures/gui/animaux_poulpe_encre.png" },
            "bar_color": "brown",
            "commands": [
            "effect @p[rm=1,r=5] minecraft:blindness 10 2 true",
            "particle smoke ~ ~ ~ 1 1 1 1 15 @p[rm=1,r=5]"],
            "required_ability" : "toggle"
            }
	}
}
