{
	"name": {
		"text": "animal_ours_grande_taille"
	},

	"icon": {
        "type": "texture",
        "texture": "destasia:textures/gui/animaux.png"
        },

	"capsule_color": 15564304,

	"abilities": {
		"toggle": {
            "ability": "lucraftcore:toggle_power",
            "show_in_bar": true,
            "title": {"translate":"Activation du pouvoir"},
            "icon": { "type": "texture",
            "texture": "destasia:textures/gui/animaux.png" },
            "bar_color": "brown"
            },

        "size_change": {
            "ability": "lucraftcore:size_change",
            "cooldown": 0,
            "show_in_bar": true,
            "title": {"translate":"Grandissement"},
            "icon": { "type": "texture",
            "texture": "destasia:textures/gui/animaux_ours_grandissement.png" },
            "bar_color": "brown",
            "size": 2,
            "size_changer": "lucraftcore:default",
            "required_ability" : "toggle"
            },

        "strength": {
            "ability": "lucraftcore:strength",
            "show_in_bar": false,
            "title": {"translate":"Force (abilité)"},
            "icon": { "type": "texture",
            "texture": "destasia:textures/gui/animaux_ours_force.png" },
            "bar_color": "brown",
            "amount": 2.0,
            "operation": 0,
            "uuid": "0669d99d-b34d-40fc-a4d8-c7ee963cc842"
            },

        "resistance": {
            "ability": "lucraftcore:resistance",
            "show_in_bar": false,
            "title": {"translate":"Résistance (abilité)"},
            "icon": { "type": "texture",
            "texture": "destasia:textures/gui/animaux_ours_resistance.png" },
            "bar_color": "brown",
            "amount": 2.0,
            "operation": 0,
            "uuid": "0669d99d-b34d-40fc-a4d8-c7ee963cc842"
            }
	}
}
