{
	"name": {
		"text": "destasia.animal.serpent.etranglement"
	},

	"icon": {
        "type": "texture",
        "texture": "destasia:textures/gui/animaux.png"
        },

	"capsule_color": 15564304,

	"abilities": {
		"toggle": {
            "ability": "lucraftcore:toggle_power",
            "show_in_bar": true,
            "title": {"translate":"Activation du pouvoir"},
            "icon": { "type": "texture",
            "texture": "destasia:textures/gui/animaux.png" },
            "bar_color": "brown"
            },

        "command": {
            "ability": "lucraftcore:command_toggle",
            "show_in_bar": true,
            "cooldown": 200,
            "title": {"translate":"Etranglement"},
            "icon": { "type": "texture",
            "texture": "destasia:textures/gui/animaux_serpent_etranglement.png" },
            "bar_color": "brown",
            "commands": [
            "effect @e minecraft:slowness 1 10 true",
            "effect @e[rm=1,r=5] minecraft:poison 1 1 true",
            "effect @e[rm=1,r=5] minecraft:slowness 1 5 true",
            "particle crit ~ ~ ~ 1 1 1 1 15 @p[rm=1,r=5]"],
            "required_ability" : "toggle"
            }
	}
}
