{
	"name": {
		"text": "animal_poulpe_grimper_au_mur"
	},

	"icon": {
        "type": "texture",
        "texture": "destasia:textures/gui/animaux.png"
        },

	"capsule_color": 15564304,

	"abilities": {
		"toggle": {
            "ability": "lucraftcore:toggle_power",
            "show_in_bar": true,
            "title": {"translate":"Activation du pouvoir"},
            "icon": { "type": "texture",
            "texture": "destasia:textures/gui/animaux.png" },
            "bar_color": "brown"
            },

        "water_breathing":{
            "ability" : "lucraftcore:water_breathing",
            "cooldown" : 0,
            "show_in_bar": true,
            "title": {"translate":"Respiration Aquatique (abilité)"},
            "icon": {
                "type": "texture",
                "texture": "destasia:textures/gui/animaux_poulpe_respiration.png"},
            "bar_color":"brown",
            "required_ability": "toggle"
            },

        "wall_crawling": {
            "ability": "heroesexpansion:wall_crawling",
            "cooldown": 100,
            "show_in_bar": true,
            "title": {"translate":"Grimpage"},
            "icon": { "type": "texture",
            "texture": "destasia:textures/gui/animaux_poulpe_grimpage.png" },
            "bar_color": "brown",
            "required_ability" : "toggle"
            }
	}
}
