{
	"name": {
		"text": "animal_serpent_morsure"
	},

	"icon": {
        "type": "texture",
        "texture": "destasia:textures/gui/animaux.png"
        },

	"capsule_color": 15564304,

	"abilities": {
		"toggle": {
            "ability": "lucraftcore:toggle_power",
            "show_in_bar": true,
            "title": {"translate":"Activation du pouvoir"},
            "icon": { "type": "texture",
            "texture": "destasia:textures/gui/animaux.png" },
            "bar_color": "brown"
            },
        
        "potion_punch": {
            "ability": "lucraftcore:potion_punch",
            "cooldown": 100,
            "show_in_bar": true,
            "title": {"translate":"Morsure empoisonnée"},
            "icon": { "type": "texture",
            "texture": "destasia:textures/gui/animaux_serpent_morsure.png" },
            "bar_color": "brown",
            "potion": "minecraft:poison",
            "amplifier": 3,
            "duration": 50,
            "required_ability" : "toggle"
            }
	}
}
