{
	"name": {
		"text": "animal_loup_morsure"
	},

	"icon": {
        "type": "texture",
        "texture": "destasia:textures/gui/animaux.png"
        },

	"capsule_color": 15564304,

	"abilities": {
		"toggle": {
            "ability": "lucraftcore:toggle_power",
            "show_in_bar": true,
            "title": {"translate":"Activation du pouvoir"},
            "icon": { "type": "texture",
            "texture": "destasia:textures/gui/animaux.png" },
            "bar_color": "brown"
            },

        "odora": {
            "ability": "lucraftcore:command",
            "cooldown": 200,
            "show_in_bar": true,
            "title": {"translate":"Odora (abilité)"},
            "icon": {
                "type": "texture",
                "texture": "destasia:textures/gui/animaux_loup_odora.png"},
            "bar_color": "brown",
            "commands": [
                "title @s actionbar \"Vous pouvez suivre la trace des gens si vous connaissez déjà l’odeur.\""],
            "required_ability" : "toggle"
            },

        "set_punch": {
            "ability": "lucraftcore:set_punch",
            "cooldown": 60,
            "show_in_bar": true,
            "title": {"translate":"Morsure/Griffes"},
            "icon": { "type": "texture",
            "texture": "destasia:textures/gui/animaux_loup_griffe.png" },
            "bar_color": "brown",
            "arm": 0,
            "reach_distance": 3.0,
            "damage": 4.0,
            "required_ability" : "toggle"
            }
	}
}
