{
	"name": {
		"text": "destasia.animal.loup.odora"
	},

	"icon": {
        "type": "texture",
        "texture": "destasia:textures/gui/animaux.png"
        },

	"capsule_color": 15564304,

	"abilities": {
		"toggle": {
            "ability": "lucraftcore:toggle_power",
            "show_in_bar": true,
            "title": {"translate":"Activation du pouvoir"},
            "icon": { "type": "texture",
            "texture": "destasia:textures/gui/animaux.png" },
            "bar_color": "brown"
            },

        "message": {
            "ability": "lucraftcore:command",
            "cooldown": 200,
            "show_in_bar": true,
            "title": {"translate":"Odora (passif)"},
            "icon": {
                "type": "texture",
                "texture": "destasia:textures/gui/animaux_loup_odora.png"},
            "bar_color": "brown",
            "commands": [
                "title @s actionbar \"Snif... Snif...\"",
                "msg @s Vous pouvez suivre la trace des gens si vous connaissez déjà l’odeur."
            ],
            "required_ability" : "toggle"
            }
	}
}
