{
	"name": {
		"text": "animal_poulpe_etranglement"
	},

	"icon": {
        "type": "texture",
        "texture": "destasia:textures/gui/animaux.png"
        },

	"capsule_color": 15564304,

	"abilities": {
		"toggle": {
            "ability": "lucraftcore:toggle_power",
            "show_in_bar": true,
            "title": {"translate":"Activation du pouvoir"},
            "icon": { "type": "texture",
            "texture": "destasia:textures/gui/animaux.png" },
            "bar_color": "brown"
            },

        "water_breathing":{
            "ability" : "lucraftcore:water_breathing",
            "cooldown" : 0,
            "show_in_bar": true,
            "title": {"translate":"Respiration Aquatique (abilité)"},
            "icon": {
                "type": "texture",
                "texture": "destasia:textures/gui/animaux_poulpe_respiration.png"},
            "bar_color":"brown",
            "required_ability": "toggle"
            },

        "etranglement": {
            "ability": "lucraftcore:command_toggle",
            "show_in_bar": true,
            "cooldown": 200,
            "title": {"translate":"Etranglement"},
            "icon": {
                "type": "texture",
                "texture": "destasia:textures/gui/animaux_poulpe_etranglement.png" },
            "bar_color": "brown",
            "commands": [
            "effect @e minecraft:slowness 1 10 true",
            "effect @e[rm=1,r=5] minecraft:poison 1 1 true",
            "effect @e[rm=1,r=5] minecraft:slowness 1 10 true",
            "particle crit ~ ~ ~ 1 1 1 1 15 @p[rm=1,r=5]"],
            "required_ability" : "toggle"
            }
	}
}
