{
	"name": {
		"text": "animal_guepard_griffes_crocs"
	},

	"icon": {
        "type": "texture",
        "texture": "destasia:textures/gui/animaux.png"
        },

	"capsule_color": 15564304,

    "abilities": {
        "toggle": {
            "ability": "lucraftcore:toggle_power",
            "show_in_bar": true,
            "title": {"translate":"Activation du pouvoir"},
            "icon": { "type": "texture",
            "texture": "destasia:textures/gui/animaux.png" },
            "bar_color": "brown"
            },

        "strength": {
            "ability": "lucraftcore:strength",
            "show_in_bar": false,
            "title": {"translate":"Force (abilité)"},
            "icon": { "type": "texture",
            "texture": "destasia:textures/gui/animaux_guepard_force.png" },
            "bar_color": "brown",
            "amount": 2.0,
            "operation": 0,
            "uuid": "0669d99d-b34d-40fc-a4d8-c7ee963cc842"
            },

        "punch": {
            "ability": "lucraftcore:punch",
            "show_in_bar": true,
            "title": {"translate":"Morsure/Griffes"},
            "icon": { "type": "texture",
            "texture": "destasia:textures/gui/animaux_guepard_griffe.png" },
            "bar_color": "brown",
            "amount": 1.0,
            "operation": 0,
            "uuid": "0669d99d-b34d-40fc-a4d8-c7ee963cc842",
            "required_ability" : "toggle"
            }
    }
}

