{
	"name": {
		"text": "destasia.animal.araignee"
	},

	"icon": {
        "type": "texture",
        "texture": "destasia:textures/gui/animaux.png"
        },

	"capsule_color": 15564304,

	"abilities": {
		"toggle": {
            "ability": "lucraftcore:toggle_power",
            "show_in_bar": true,
            "title": {"translate":"Activation du pouvoir"},
            "icon": { "type": "texture",
            "texture": "destasia:textures/gui/animaux.png"},
            "bar_color": "brown"
            },
        
        "spider_sense": {
            "ability": "heroesexpansion:spider_sense",
            "show_in_bar": false,
            "title": {"translate":"Spider sens"},
            "icon": { "type": "texture",
            "texture": "destasia:textures/gui/animaux_arraignee_spidersens.png"},
            "bar_color": "brown",
            "required_ability" : "toggle"
            },

        "chut": {
            "ability": "lucraftcore:fall_resistance",
            "show_in_bar": false,
            "title": {"translate":"Resistance au chut (effet)"},
            "icon": {
                "type": "texture",
                "texture": "destasia:textures/gui/animaux_guepard_resischut.png"},
            "bar_color": "brown",
            "amount": 10,
            "operation": 0,
            "uuid": "0669d99d-b34d-40fc-a4d8-c7ee963cc842"
            },

        "wall_crawling": {
            "ability": "heroesexpansion:wall_crawling",
            "cooldown": 200,
            "show_in_bar": true,
            "title": {"translate":"Grimpage"},
            "icon": { "type": "texture",
            "texture": "destasia:textures/gui/animaux_arraignee_grimpage.png"},
            "bar_color": "brown",
            "required_ability" : "toggle"
            },

        "size_change": {
            "ability": "lucraftcore:size_change",
            "cooldown": 0,
            "show_in_bar": true,
            "title": {"translate":"Rétrécissement"},
            "icon": { "type": "texture",
            "texture": "destasia:textures/gui/animaux_arraignee_retrecissement.png"},
            "bar_color": "brown",
            "size": 0.1,
            "size_changer": "lucraftcore:default",
            "required_ability" : "toggle"
            }
	}
}