{
	"name": {
		"text": "animal_araignee_spider_sens"
	},

	"icon": {
        "type": "texture",
        "texture": "destasia:textures/gui/animaux.png"
        },

	"capsule_color": 15564304,

	"abilities": {
		"toggle": {
            "ability": "lucraftcore:toggle_power",
            "show_in_bar": true,
            "title": {"translate":"Activation du pouvoir"},
            "icon": { "type": "texture",
            "texture": "destasia:textures/gui/animaux.png"},
            "bar_color": "brown"
            },

        "chut": {
            "ability": "lucraftcore:fall_resistance",
            "show_in_bar": false,
            "title": {"translate":"Resistance au chut (abilité)"},
            "icon": {
                "type": "texture",
                "texture": "destasia:textures/gui/animaux_guepard_resischut.png"},
            "bar_color": "brown",
            "amount": 5,
            "operation": 0,
            "uuid": "0669d99d-b34d-40fc-a4d8-c7ee963cc842"
            },
        
        "spider_sense": {
            "ability": "heroesexpansion:spider_sense",
            "show_in_bar": true,
            "title": {"translate":"Spider sens"},
            "icon": { "type": "texture",
            "texture": "destasia:textures/gui/animaux_arraignee_spidersens.png"},
            "bar_color": "brown",
            "required_ability" : "toggle"
            }
	}
}