{
	"name": {
		"text": "destasia.animal.ours"
	},

	"icon": {
        "type": "texture",
        "texture": "destasia:textures/gui/animaux.png"
        },

	"capsule_color": 15564304,

	"abilities": {
		"toggle": {
            "ability": "lucraftcore:toggle_power",
            "show_in_bar": true,
            "title": {"translate":"Activation du pouvoir"},
            "icon": { "type": "texture",
            "texture": "destasia:textures/gui/animaux.png" },
            "bar_color": "brown"
            },

        "resistance": {
            "ability": "lucraftcore:resistance",
            "show_in_bar": false,
            "title": {"translate":"Résistance (abilité)"},
            "icon": { "type": "texture",
            "texture": "destasia:textures/gui/animaux_ours_resistance.png" },
            "bar_color": "brown",
            "amount": 1.0,
            "operation": 0,
            "uuid": "0669d99d-b34d-40fc-a4d8-c7ee963cc842"
            },

        "strength": {
            "ability": "lucraftcore:strength",
            "show_in_bar": false,
            "title": {"translate":"Force (abilité)"},
            "icon": { "type": "texture",
            "texture": "destasia:textures/gui/animaux_ours_force.png" },
            "bar_color": "brown",
            "amount": 1.0,
            "operation": 0,
            "uuid": "0669d99d-b34d-40fc-a4d8-c7ee963cc842"
            },

        "set_punch": {
            "ability": "lucraftcore:set_punch",
            "cooldown": 0,
            "show_in_bar": true,
            "title": {"translate":"Griffes"},
            "icon": { "type": "texture",
            "texture": "destasia:textures/gui/animaux_ours_griffe.png" },
            "bar_color": "brown",
            "arm": 0,
            "reach_distance": 5.0,
            "damage": 4.0,
            "required_ability" : "toggle"
            },

        "wall_crawling": {
            "ability": "heroesexpansion:wall_crawling",
            "cooldown": 0,
            "show_in_bar": true,
            "title": {"translate":"Grimpage"},
            "icon": { "type": "texture",
            "texture": "destasia:textures/gui/animaux_ours_grimpage.png" },
            "bar_color": "brown",
            "required_ability" : "toggle"
            },

        "message": {
            "ability": "lucraftcore:command",
            "cooldown": 200,
            "show_in_bar": true,
            "title": {"translate":"Odora (passif)"},
            "icon": {
                "type": "texture",
                "texture": "destasia:textures/gui/animaux_ours_odora.png"},
            "bar_color": "brown",
            "commands": [
                "title @s actionbar \"Vous pouvez suivre la trace des gens si vous connaissez déjà l’odeur.\""],
            "required_ability" : "toggle"
            },

        "size_change": {
            "ability": "lucraftcore:size_change",
            "cooldown": 0,
            "show_in_bar": true,
            "title": {"translate":"Grandissement"},
            "icon": { "type": "texture",
            "texture": "destasia:textures/gui/animaux_ours_grandissement.png" },
            "bar_color": "brown",
            "size": 2,
            "size_changer": "lucraftcore:default",
            "required_ability" : "toggle"
            }
	}
}
