{
	"name": {
		"text": "destasia.animal.ours.odora"
	},

	"icon": {
        "type": "texture",
        "texture": "destasia:textures/gui/animaux.png"
        },

	"capsule_color": 15564304,

	"abilities": {
		"toggle": {
            "ability": "lucraftcore:toggle_power",
            "show_in_bar": true,
            "title": {"translate":"Activation du pouvoir"},
            "icon": { "type": "texture",
            "texture": "destasia:textures/gui/animaux.png" },
            "bar_color": "brown"
            },

        "message": {
            "ability": "lucraftcore:command",
            "cooldown": 200,
            "show_in_bar": true,
            "title": {"translate":"Odora (passif)"},
            "icon": {
                "type": "texture",
                "texture": "destasia:textures/gui/animaux_ours_odora.png"},
            "bar_color": "brown",
            "commands": [
                "title @s actionbar \"Snif... Snif...\"",
                "msg @s Vous pouvez suivre la trace des gens si vous connaissez déjà leur odeur."],
            "required_ability" : "toggle"
            },

        "strength": {
            "ability": "lucraftcore:strength",
            "show_in_bar": false,
            "title": {"translate":"Force (abilité)"},
            "icon": { "type": "texture",
            "texture": "destasia:textures/gui/animaux_ours_force.png" },
            "bar_color": "brown",
            "amount": 2.0,
            "operation": 0,
            "uuid": "0669d99d-b34d-40fc-a4d8-c7ee963cc842"
            },
    
        "resistance": {
            "ability": "lucraftcore:resistance",
            "show_in_bar": false,
            "title": {"translate":"Résistance (abilité)"},
            "icon": { "type": "texture",
            "texture": "destasia:textures/gui/animaux_ours_resistance.png" },
            "bar_color": "brown",
            "amount": 2.0,
            "operation": 0,
            "uuid": "0669d99d-b34d-40fc-a4d8-c7ee963cc842"
            }
	}
}
