{
	"name": {
		"text": "animal_loup_vision_nocturne"
	},

	"icon": {
        "type": "texture",
        "texture": "destasia:textures/gui/animaux.png"
        },

	"capsule_color": 15564304,

	"abilities": {
		"toggle": {
            "ability": "lucraftcore:toggle_power",
            "show_in_bar": true,
            "title": {"translate":"Activation du pouvoir"},
            "icon": { "type": "texture",
            "texture": "destasia:textures/gui/animaux.png" },
            "bar_color": "brown"
            },

        "odora": {
            "ability": "lucraftcore:command",
            "cooldown": 200,
            "show_in_bar": true,
            "title": {"translate":"Odora (abilité)"},
            "icon": {
                "type": "texture",
                "texture": "destasia:textures/gui/animaux_loup_odora.png"},
            "bar_color": "brown",
            "commands": [
                "title @s actionbar \"Vous pouvez suivre la trace des gens si vous connaissez déjà l’odeur.\""],
            "required_ability" : "toggle"
            },

        "vision": {
            "ability": "lucraftcore:command",
            "cooldown": 100,
            "show_in_bar": true,
            "title": {"translate":"Vision nocturne"},
            "icon": { "type": "texture",
            "texture": "destasia:textures/gui/animaux_loup_vision.png" },
            "bar_color": "brown",
            "commands": [
            "execute @p ~ ~ ~ effect @p minecraft:night_vision 60 2"],
            "required_ability" : "toggle"
            }
	}
}
