{
	"name": {
		"text": "destasia.animal.serpent"
	},

	"icon": {
        "type": "texture",
        "texture": "destasia:textures/gui/animaux.png"
        },

	"capsule_color": 15564304,

	"abilities": {
		"toggle": {
            "ability": "lucraftcore:toggle_power",
            "show_in_bar": true,
            "title": {"translate":"Activation du pouvoir"},
            "icon": { "type": "texture",
            "texture": "destasia:textures/gui/animaux.png" },
            "bar_color": "brown"
            },
        
        "potion_punch": {
            "ability": "lucraftcore:potion_punch",
            "cooldown": 0,
            "show_in_bar": true,
            "title": {"translate":"Morsure empoisonnée"},
            "icon": { "type": "texture",
            "texture": "destasia:textures/gui/animaux_serpent_morsure.png" },
            "bar_color": "brown",
            "potion": "minecraft:poison",
            "amplifier": 3,
            "duration": 50,
            "required_ability" : "toggle"
            },

        "command": {
            "ability": "lucraftcore:command_toggle",
            "show_in_bar": true,
            "cooldown": 200,
            "title": {"translate":"Etranglement"},
            "icon": { "type": "texture",
            "texture": "destasia:textures/gui/animaux_serpent_etranglement.png" },
            "bar_color": "brown",
            "commands": [
            "effect @p minecraft:slowness 1 10 true",
            "effect @p[rm=1,r=5] minecraft:instant_damage 1 1 true",
            "effect @p[rm=1,r=5] minecraft:slowness 1 5 true",
            "particle crit ~ ~ ~ 1 1 1 1 15 @p[rm=1,r=5]"],
            "required_ability" : "toggle"
            },

        "spider_sense": {
            "ability": "heroesexpansion:spider_sense",
            "show_in_bar": false,
            "title": {"translate":"Mode instinct"},
            "icon": { "type": "texture",
            "texture": "destasia:textures/gui/animaux_serpent_instinct.png" },
            "bar_color": "brown",
            "required_ability" : "toggle"
            }
	}
}
