{
	"name": {
		"text": "destasia.animal.poulpe"
	},

	"icon": {
        "type": "texture",
        "texture": "destasia:textures/gui/animaux.png"
        },

	"capsule_color": 15564304,

	"abilities": {
		"toggle": {
            "ability": "lucraftcore:toggle_power",
            "show_in_bar": true,
            "title": {"translate":"Activation du pouvoir"},
            "icon": { "type": "texture",
            "texture": "destasia:textures/gui/animaux.png" },
            "bar_color": "brown"
            },

        "ancre": {
            "ability": "lucraftcore:command",
            "show_in_bar": true,
            "title": {"text": "Bourasque d'encre"},
            "cooldown": 200,
            "icon": { "type": "texture",
            "texture": "destasia:textures/gui/animaux_poulpe_encre.png" },
            "bar_color": "brown",
            "commands": [
            "effect @p[rm=1,r=5] minecraft:blindness 10 2 true",
            "particle smoke ~ ~ ~ 1 1 1 1 15 @p[rm=1,r=5]"],
            "required_ability" : "toggle"
            },

        "wall_crawling": {
            "ability": "heroesexpansion:wall_crawling",
            "cooldown": 100,
            "show_in_bar": true,
            "title": {"translate":"Grimpage"},
            "icon": { "type": "texture",
            "texture": "destasia:textures/gui/animaux_poulpe_grimpage.png" },
            "bar_color": "brown",
            "required_ability" : "toggle"
            },

        "command": {
            "ability": "lucraftcore:command_toggle",
            "show_in_bar": true,
            "cooldown": 200,
            "title": {"translate":"Etranglement"},
            "icon": {
                "type": "texture",
                "texture": "destasia:textures/gui/animaux_poulpe_etranglement.png" },
            "bar_color": "brown",
            "commands": [
            "effect @p minecraft:slowness 1 10 true",
            "effect @p[rm=1,r=5] minecraft:instant_damage 1 2 true",
            "effect @p[rm=1,r=5] minecraft:slowness 1 10 true",
            "particle crit ~ ~ ~ 1 1 1 1 15 @p[rm=1,r=5]"],
            "required_ability" : "toggle"
            },

        "water_breathing":{
            "ability" : "lucraftcore:water_breathing",
            "cooldown" : 0,
            "show_in_bar": true,
            "title": {"translate":"Respiration Aquatique"},
            "icon": {
                "type": "texture",
                "texture": "destasia:textures/gui/animaux_poulpe_respiration.png"},
            "bar_color":"brown",
            "required_ability": "toggle"
            }
	}
}
