{
	"name": {
		"text": "animal_guepard_saut"
	},

	"icon": {
        "type": "texture",
        "texture": "destasia:textures/gui/animaux.png"
        },

	"capsule_color": 15564304,

    "abilities": {
        "toggle": {
            "ability": "lucraftcore:toggle_power",
            "show_in_bar": true,
            "title": {"translate":"Activation du pouvoir"},
            "icon": { "type": "texture",
            "texture": "destasia:textures/gui/animaux.png" },
            "bar_color": "brown"
            },
        
        "strength": {
            "ability": "lucraftcore:strength",
            "show_in_bar": false,
            "title": {"translate":"Force (abilité)"},
            "icon": { "type": "texture",
            "texture": "destasia:textures/gui/animaux_guepard_force.png" },
            "bar_color": "brown",
            "amount": 2.0,
            "operation": 0,
            "uuid": "0669d99d-b34d-40fc-a4d8-c7ee963cc842"
                },
                
        "saut": {
            "ability": "lucraftcore:jump_boost",
            "show_in_bar": false,
            "title": {"translate":"Saut"},
            "icon": { "type": "texture",
            "texture": "destasia:textures/gui/animaux_guepard_saut.png" },
            "bar_color": "brown",
            "amount": 5,
            "operation": 0,
            "uuid": "0669d99d-b34d-40fc-a4d8-c7ee963cc842",
            "required_ability" : "toggle"
            },

        "chute": {
            "ability": "lucraftcore:fall_resistance",
            "show_in_bar": false,
            "title": {"translate":"resistence aux chutes"},
            "icon": {
                "type": "texture",
                "texture": "destasia:textures/gui/animaux_guepard_resischut.png"},
            "bar_color": "red",
            "amount": 10,
            "required_ability" : "saut"
            }
    }
}

