{
	"name": {
		"text": "animal_cameleon_vision_infrarouge"
	},

	"icon": {
        "type": "texture",
        "texture": "destasia:textures/gui/animaux.png"
        },

	"capsule_color": 15564304,

	"abilities": {
		"toggle": {
            "ability": "lucraftcore:toggle_power",
            "show_in_bar": true,
            "title": {"translate":"Activation du pouvoir"},
            "icon": { "type": "texture",
            "texture": "destasia:textures/gui/animaux.png" },
            "bar_color": "brown"
            },

        "x_ray": {
            "ability": "heroesexpansion:x_ray",
            "cooldown": 0,
            "show_in_bar": true,
            "title": {"translate":"Vision Infrarouge"},
            "icon": { "type": "texture",
            "texture": "destasia:textures/gui/animaux_cameleon_infrarouge.png" },
            "bar_color": "brown",
            "required_ability" : "toggle"
            }
	}
}