{
	"name": {
	"text": "destasia.pouvoir.eau"},
	"icon": {
                "type": "texture",
                "texture": "destasia:textures/gui/eau.png"},
	"capsule_color": 1331455,
	"abilities": {
		"toggle": {
            "ability": "lucraftcore:toggle_power",
            "show_in_bar": true,
            "title": {"translate":"Activation du pouvoir"},
            "icon": {
                "type": "texture",
                "texture": "destasia:textures/gui/eau.png"},
            "bar_color": "blue"
            },

        "regeneration": {
            "ability": "lucraftcore:command",
            "cooldown": 100,
            "show_in_bar": true,
            "title": {"translate":"Regeneration aquatique"},
            "icon": { "type": "texture",
            "texture": "destasia:textures/gui/eau_regeneration.png" },
            "bar_color": "blue",
            "commands": [
            "effect @p minecraft:regeneration 2 2 true",
            "particle dripWater ~ ~ ~ 1 1 1 1 100"],
            "required_ability" : "toggle"
            },
        
        "force_field": {
            "ability": "heroesexpansion:force_field",
            "cooldown": 100,
            "show_in_bar": true,
            "title": {"translate":"Bouclier protecteur"},
            "icon": {
                "type": "texture",
                "texture": "destasia:textures/gui/eau_bouclier.png"},
            "bar_color": "blue",
            "color": [20, 80, 255],
            "required_ability": "toggle"
            },

        "water_running":{
            "ability" : "speedsterheroes:water_running",
            "cooldown" : 100,
            "speed" : 0,
            "show_in_bar": true,
            "title": {"translate":"Marcher sur l'eau"},
            "icon": {
                "type": "texture",
                "texture": "destasia:textures/gui/eau_marcher.png"},
            "bar_color":"blue",
            "required_ability": "toggle"
            },

        "water_breathing":{
            "ability" : "lucraftcore:water_breathing",
            "cooldown" : 0,
            "show_in_bar": true,
            "title": {"translate":"Respiration Aquatique (abilité)"},
            "icon": {
                "type": "texture",
                "texture": "destasia:textures/gui/eau_respiration.png"},
            "bar_color":"blue"
            },

        "control": {
            "ability": "lucraftcore:command",
            "cooldown": 200,
            "show_in_bar": true,
            "title": {"translate":"Control (passif)"},
            "icon": { "type": "texture",
            "texture": "destasia:textures/gui/eau_control.png" },
            "bar_color": "blue",
            "commands": [
                "title @s actionbar \"Vous pouvez controlé l'eau et communiqué sous l'eau.\""],
            "required_ability" : "toggle"
            },

        "energy_blast": {
            "ability": "heroesexpansion:photon_blast",
            "cooldown": 40,
            "show_in_bar": true,
            "title": {"translate":"Ebullition"},
            "icon": {
                "type": "texture",
                "texture": "destasia:textures/gui/eau_jet.png"},
            "bar_color": "blue",
            "duration": 0,
            "damage": 0.5,
            "color": [20, 80, 255],
            "required_ability": "toggle"
            }
	}
}