{
	"name": {
	"text": "eau_control"},
	"icon": {
                "type": "texture",
                "texture": "destasia:textures/gui/eau.png"},
	"capsule_color": 1331455,
	"abilities": {
		"toggle": {
            "ability": "lucraftcore:toggle_power",
            "show_in_bar": true,
            "title": {"translate":"Activation du pouvoir"},
            "icon": {
                "type": "texture",
                "texture": "destasia:textures/gui/eau.png"},
            "bar_color": "blue"
            },

        "water_breathing":{
            "ability" : "lucraftcore:water_breathing",
            "cooldown" : 0,
            "show_in_bar": true,
            "title": {"translate":"Respiration Aquatique (abilité)"},
            "icon": {
                "type": "texture",
                "texture": "destasia:textures/gui/eau_respiration.png"},
            "bar_color":"blue"
            },

        "control": {
            "ability": "lucraftcore:command",
            "cooldown": 200,
            "show_in_bar": true,
            "title": {"translate":"Control (passif)"},
            "icon": { "type": "texture",
            "texture": "destasia:textures/gui/eau_control.png" },
            "bar_color": "blue",
            "commands": [
                "title @s actionbar \"Vous pouvez controlé l'eau et communiqué sous l'eau.\""],
            "required_ability" : "toggle"
            }
	}
}