{
	"name": {
	"text": "eau_bouclier_d_eau"},
	"icon": {
                "type": "texture",
                "texture": "destasia:textures/gui/eau.png"},
	"capsule_color": 1331455,
	"abilities": {
		"toggle": {
            "ability": "lucraftcore:toggle_power",
            "show_in_bar": true,
            "title": {"translate":"Activation du pouvoir"},
            "icon": {
                "type": "texture",
                "texture": "destasia:textures/gui/eau.png"},
            "bar_color": "blue"
            },

        "water_breathing":{
            "ability" : "lucraftcore:water_breathing",
            "cooldown" : 0,
            "show_in_bar": true,
            "title": {"translate":"Respiration Aquatique (abilité)"},
            "icon": {
                "type": "texture",
                "texture": "destasia:textures/gui/eau_respiration.png"},
            "bar_color":"blue"
            },
        
        "force_field": {
            "ability": "heroesexpansion:force_field",
            "cooldown": 50,
            "show_in_bar": true,
            "title": {"translate":"Bouclier protecteur"},
            "icon": {
                "type": "texture",
                "texture": "destasia:textures/gui/eau_bouclier.png"},
            "bar_color": "blue",
            "color": [20, 80, 255],
            "required_ability": "toggle"
            }
	}
}