{
	"name": {
	"text": "eau_ebulition"},
	"icon": {
                "type": "texture",
                "texture": "destasia:textures/gui/eau.png"},
	"capsule_color": 1331455,
	"abilities": {
		"toggle": {
            "ability": "lucraftcore:toggle_power",
            "show_in_bar": true,
            "title": {"translate":"Activation du pouvoir"},
            "icon": {
                "type": "texture",
                "texture": "destasia:textures/gui/eau.png"},
            "bar_color": "blue"
            },

        "water_breathing":{
            "ability" : "lucraftcore:water_breathing",
            "cooldown" : 0,
            "show_in_bar": true,
            "title": {"translate":"Respiration Aquatique (abilité)"},
            "icon": {
                "type": "texture",
                "texture": "destasia:textures/gui/eau_respiration.png"},
            "bar_color":"blue"
            },

        "energy_blast": {
            "ability": "heroesexpansion:photon_blast",
            "cooldown": 20,
            "show_in_bar": true,
            "title": {"translate":"Ebullition"},
            "icon": {
                "type": "texture",
                "texture": "destasia:textures/gui/eau_jet.png"},
            "bar_color": "blue",
            "duration": 0,
            "damage": 1,
            "color": [20, 80, 255],
            "required_ability": "toggle"
            }
	}
}