{
	"name": {
	"text": "eau_regeneration_aquatique"},
	"icon": {
                "type": "texture",
                "texture": "destasia:textures/gui/eau.png"},
	"capsule_color": 1331455,
	"abilities": {
		"toggle": {
            "ability": "lucraftcore:toggle_power",
            "show_in_bar": true,
            "title": {"translate":"Activation du pouvoir"},
            "icon": {
                "type": "texture",
                "texture": "destasia:textures/gui/eau.png"},
            "bar_color": "blue"
            },

        "water_breathing":{
            "ability" : "lucraftcore:water_breathing",
            "cooldown" : 0,
            "show_in_bar": true,
            "title": {"translate":"Respiration Aquatique (abilité)"},
            "icon": {
                "type": "texture",
                "texture": "destasia:textures/gui/eau_respiration.png"},
            "bar_color":"blue"
            },

        "regeneration": {
            "ability": "lucraftcore:command",
            "cooldown": 100,
            "show_in_bar": true,
            "title": {"translate":"Regeneration aquatique"},
            "icon": { "type": "texture",
            "texture": "destasia:textures/gui/eau_regeneration.png" },
            "bar_color": "blue",
            "commands": [
            "effect @p minecraft:regeneration 2 2 true",
            "particle dripWater ~ ~ ~ 1 1 1 1 100"],
            "required_ability" : "toggle"
            }
	}
}