{
	"name": {
	"text": "eau_marcher_sur_l_eau"},
	"icon": {
                "type": "texture",
                "texture": "destasia:textures/gui/eau.png"},
	"capsule_color": 1331455,
	"abilities": {
		"toggle": {
            "ability": "lucraftcore:toggle_power",
            "show_in_bar": true,
            "title": {"translate":"Activation du pouvoir"},
            "icon": {
                "type": "texture",
                "texture": "destasia:textures/gui/eau.png"},
            "bar_color": "blue"
            },

        "water_breathing":{
            "ability" : "lucraftcore:water_breathing",
            "cooldown" : 0,
            "show_in_bar": true,
            "title": {"translate":"Respiration Aquatique (abilité)"},
            "icon": {
                "type": "texture",
                "texture": "destasia:textures/gui/eau_respiration.png"},
            "bar_color":"blue"
            },

        "water_running":{
            "ability" : "speedsterheroes:water_running",
            "cooldown" : 100,
            "speed" : 0,
            "show_in_bar": true,
            "title": {"translate":"Marcher sur l'eau"},
            "icon": {
                "type": "texture",
                "texture": "destasia:textures/gui/eau_marcher.png"},
            "bar_color":"blue",
            "required_ability": "toggle"
            }
	}
}