{
	"name": {
		"text": "electrique_boule_d_energie"
	},

	"icon": {
                "type": "texture",
                "texture": "destasia:textures/gui/electrique.png"},

	"capsule_color": 16776960,

    "effects": [
        {
            "type": "flickering",
            "trail_type": "electricity",
            "color": [1, 1, 0],
            "use_suit_trail": false,
            "conditions": [
                {
                "type": "ability_enabled",
                "ability": "lucraftcore:toggle_power"
                }
            ]
        },
        {
            "type": "trail",
            "trail_type": "electricity",
            "color": [1, 1, 0],
            "use_suit_trail": false,
            "conditions": [
                {
                "type": "ability_enabled",
                "ability": "lucraftcore:toggle_power"
                }
            ]
        }
    ],

	"abilities": {
		"toggle": {
            "ability": "lucraftcore:toggle_power",
            "show_in_bar": true,
            "title": {"translate":"Activation du pouvoir"},
            "icon": {
                "type": "texture",
                "texture": "destasia:textures/gui/electrique.png"},
            "bar_color": "yellow"
            },

        "energy_blast": {
            "ability": "lucraftcore:energy_blast",
            "cooldown": 40,
            "show_in_bar": true,
            "title": {"translate":"Boule d’énergie"},
            "icon": {
                "type": "texture",
                "texture": "destasia:textures/gui/electrique_boule.png"},
            "bar_color": "yellow",
            "damage": 4,
            "color": [255, 255, 0],
            "required_ability": "toggle"
            }
	}
}