{
	"name": {
		"text": "destasia.pouvoir.electrique"
	},

	"icon": {
                "type": "texture",
                "texture": "destasia:textures/gui/electrique.png"},

	"capsule_color": 16776960,

    "effects": [
        {
            "type": "trail",
            "trail_type": "lightnings",
            "color": [1, 1, 0],
            "use_suit_trails": true,
            "conditions": [
                {
                    "type": "ability_enabled",
                    "ability": "speedsterheroes:super_speed"
                },
                {
                    "type": "moving"
                }
            ]
        },
        {
            "type": "flickering",
            "trail_type": "electricity",
            "color": [1, 1, 0],
            "use_suit_trail": false,
            "conditions": [
                {
                "type": "ability_enabled",
                "ability": "lucraftcore:toggle_power"
                }
            ]
        },
        {
            "type": "trail",
            "trail_type": "electricity",
            "color": [1, 1, 0],
            "use_suit_trail": false,
            "conditions": [
                {
                "type": "ability_enabled",
                "ability": "lucraftcore:toggle_power"
                }
            ]
        }
    ],

	"abilities": {
		"toggle": {
            "ability": "lucraftcore:toggle_power",
            "show_in_bar": true,
            "title": {"translate":"Activation du pouvoir"},
            "icon": {
                "type": "texture",
                "texture": "destasia:textures/gui/electrique.png"},
            "bar_color": "yellow"
            },

        "decharge_electrique": {
            "ability": "heroesexpansion:lightning_strike",
            "cooldown": 20,
            "show_in_bar": true,
            "title": {"translate":"Décharge électrique"},
            "icon": {
                "type": "texture",
                "texture": "destasia:textures/gui/electrique_decharge.png"},
            "bar_color": "yellow",
            "required_ability": "toggle"
            },

        "force_field": {
            "ability": "heroesexpansion:force_field",
            "cooldown": 60,
            "show_in_bar": true,
            "title": {"translate":"Bouclier électrique"},
            "icon": {
                "type": "texture",
                "texture": "destasia:textures/gui/electrique_bouclier.png"},
            "bar_color": "yellow",
            "color": [255, 255, 0],
            "required_ability": "toggle"
            },

        "energy_blast": {
            "ability": "lucraftcore:energy_blast",
            "cooldown": 40,
            "show_in_bar": true,
            "title": {"translate":"Boule d’énergie"},
            "icon": {
                "type": "texture",
                "texture": "destasia:textures/gui/electrique_boule.png"},
            "bar_color": "yellow",
            "damage": 1,
            "color": [255, 255, 0],
            "required_ability": "toggle"
            },

        "command":{
            "ability": "lucraftcore:command",
            "show_in_bar": true,
            "title": {"text": "Déchainement foudroyant"},
            "cooldown": 400,
            "icon": {
                "type": "texture",
                "texture": "destasia:textures/gui/electrique_dechainement.png"},
            "bar_color": "yellow",
            "commands": ["summon Lightning_bolt @p[rm=2,r=10]"],
            "required_ability": "toggle"
            },

        "lightning_attack": {
            "ability": "heroesexpansion:lightning_attack",
            "cooldown": 300,
            "show_in_bar": true,
            "title": {"translate":"Foudre"},
            "icon": {
                "type": "texture",
                "texture": "destasia:textures/gui/electrique_foudre.png"},
            "bar_color": "yellow",
            "required_ability": "toggle",
            "damage": 6.0
            },

        "super_speed": {
            "ability": "speedsterheroes:super_speed",
            "cooldown": 150,
            "show_in_bar": true,
            "title": {"translate":"Vitesse de l'éclaire"},
            "icon": {
                "type": "texture",
                "texture": "destasia:textures/gui/electrique_vitesse.png"},
            "bar_color": "yellow",
            "base_speed_levels": 3,
            "required_ability": "toggle",
            "gives_xp": false
            },

        "change_speed": {
            "ability": "speedsterheroes:change_speed",
            "cooldown": 0,
            "show_in_bar": true,
            "title": {"translate":"Changement de vitesse (diminuer)"},
            "icon": {
                "type": "texture",
                "texture": "destasia:textures/gui/electrique_diminuer.png"},
            "bar_color": "yellow",
            "accelerate": false
            },

        "change_sped": {
            "ability": "speedsterheroes:change_speed",
            "cooldown": 0,
            "show_in_bar": true,
            "title": {"translate":"Changement de vitesse (augmenter)"},
            "icon": {
                "type": "texture",
                "texture": "destasia:textures/gui/electrique_augmenter.png"},
            "bar_color": "yellow",
            "accelerate": true
            }
	}
}