{
	"name": {
		"text": "electrique_vitesse_de_l_eclaire"
	},

	"icon": {
                "type": "texture",
                "texture": "destasia:textures/gui/electrique.png"},

	"capsule_color": 16776960,

    "effects": [
        {
            "type": "trail",
            "trail_type": "lightnings",
            "color": [1, 1, 0],
            "use_suit_trails": true,
            "conditions": [
                {
                    "type": "ability_enabled",
                    "ability": "speedsterheroes:super_speed"
                },
                {
                    "type": "moving"
                }
            ]
        },
        {
            "type": "flickering",
            "trail_type": "electricity",
            "color": [1, 1, 0],
            "use_suit_trail": false,
            "conditions": [
                {
                "type": "ability_enabled",
                "ability": "lucraftcore:toggle_power"
                }
            ]
        },
        {
            "type": "trail",
            "trail_type": "electricity",
            "color": [1, 1, 0],
            "use_suit_trail": false,
            "conditions": [
                {
                "type": "ability_enabled",
                "ability": "lucraftcore:toggle_power"
                }
            ]
        }
    ],

	"abilities": {
		"toggle": {
            "ability": "lucraftcore:toggle_power",
            "show_in_bar": true,
            "title": {"translate":"Activation du pouvoir"},
            "icon": {
                "type": "texture",
                "texture": "destasia:textures/gui/electrique.png"},
            "bar_color": "yellow"
            },

        "super_speed": {
            "ability": "speedsterheroes:super_speed",
            "cooldown": 150,
            "show_in_bar": true,
            "title": {"translate":"Vitesse de l'éclaire"},
            "icon": {
                "type": "texture",
                "texture": "destasia:textures/gui/electrique_vitesse.png"},
            "bar_color": "yellow",
            "base_speed_levels": 3,
            "required_ability": "toggle",
            "gives_xp": false
            },

        "change_speed": {
            "ability": "speedsterheroes:change_speed",
            "cooldown": 0,
            "show_in_bar": true,
            "title": {"translate":"Changement de vitesse (diminuer)"},
            "icon": {
                "type": "texture",
                "texture": "destasia:textures/gui/electrique_diminuer.png"},
            "bar_color": "yellow",
            "accelerate": false
            },

        "change_sped": {
            "ability": "speedsterheroes:change_speed",
            "cooldown": 0,
            "show_in_bar": true,
            "title": {"translate":"Changement de vitesse (augmenter)"},
            "icon": {
                "type": "texture",
                "texture": "destasia:textures/gui/electrique_augmenter.png"},
            "bar_color": "yellow",
            "accelerate": true
            }
	}
}