{
	"name": {
		"text": "electrique_decharge_electrique"
	},

	"icon": {
                "type": "texture",
                "texture": "destasia:textures/gui/electrique.png"},

	"capsule_color": 16776960,

    "effects": [
        {
            "type": "flickering",
            "trail_type": "electricity",
            "color": [1, 1, 0],
            "use_suit_trail": false,
            "conditions": [
                {
                "type": "ability_enabled",
                "ability": "lucraftcore:toggle_power"
                }
            ]
        },
        {
            "type": "trail",
            "trail_type": "electricity",
            "color": [1, 1, 0],
            "use_suit_trail": false,
            "conditions": [
                {
                "type": "ability_enabled",
                "ability": "lucraftcore:toggle_power"
                }
            ]
        }
    ],

	"abilities": {
		"toggle": {
            "ability": "lucraftcore:toggle_power",
            "show_in_bar": true,
            "title": {"translate":"Activation du pouvoir"},
            "icon": {
                "type": "texture",
                "texture": "destasia:textures/gui/electrique.png"},
            "bar_color": "yellow"
            },

        "decharge_electrique": {
            "ability": "heroesexpansion:lightning_strike",
            "cooldown": 20,
            "show_in_bar": true,
            "title": {"translate":"Décharge électrique"},
            "icon": {
                "type": "texture",
                "texture": "destasia:textures/gui/electrique_decharge.png"},
            "bar_color": "yellow",
            "required_ability": "toggle"
            }
	}
}