{
	"name": {
		"text": "emotion_ambiance_emotionelles"
	},

	"icon": {
        "type": "texture",
        "texture": "destasia:textures/gui/emotions.png"
        },

	"capsule_color": 8388736,

    "effects": [{
        "type": "glowing_hand",
        "color": [ 0.9, 0, 0.6],
           "size": 1.25,
        "conditions": [{
            "type": "ability_enabled",
            "ability": "lucraftcore:toggle_power"
        }]
    }],

	"abilities": {
		"toggle": {
            "ability": "lucraftcore:toggle_power",
            "show_in_bar": true,
            "title": {"translate":"Activation du pouvoir"},
            "icon": {
                "type": "texture",
                "texture": "destasia:textures/gui/emotions.png"},
            "bar_color": "magenta"
            },

        "toggle_ambiances": {
            "ability": "lucraftcore:toggle_power",
            "show_in_bar": true,
            "title": {"translate":"Activation de l'ambiance"},
            "icon": {
                "type": "texture",
                "texture": "destasia:textures/gui/emotions.png"
            },
            "bar_color": "magenta"
            },

        "ambiance": {
            "ability": "lucraftcore:command",
            "cooldown": 200,
            "show_in_bar": false,
            "title": {"translate":"Ambiances émotionnelles (passif)"},
            "icon": {
                "type": "texture",
                "texture": "destasia:textures/gui/emotions_ambiances.png"},
            "bar_color": "magenta",
            "commands": [
                "title @s actionbar \"Vous controlez les émotions de plusieurs peronnes\"",
                "title @p[r=5,rm=1] actionbar \"On controle vos émotions\"",
                "particle heart ~ ~ ~ 1 1 1 1 15 @p[rm=1,r=5]",
                "particle heart ~ ~ ~ 1 1 1 1 100"],
            "required_ability" : "toggle_ambiances"
            },

        "joie": {
            "ability": "lucraftcore:command",
            "cooldown": 200,
            "show_in_bar": true,
            "title": {"translate":"Ambiances joie"},
            "icon": {
                "type": "texture",
                "texture": "destasia:textures/gui/emotions_ambiances.png"},
                "bar_color": "magenta",
                "commands": [
                    "title @s title \"Vous instaurez la joie\"",
                    "title @p[r=5,rm=1] actionbar \"Vous etes joyeux !\""
                ],
                "required_ability" : "toggle_ambiances"
                },

            "tristesse": {
                "ability": "lucraftcore:command",
                "cooldown": 200,
                "show_in_bar": true,
                "title": {"translate":"Ambiances triste"},
                "icon": {
                    "type": "texture",
                    "texture": "destasia:textures/gui/emotions_ambiances.png"},
                    "bar_color": "magenta",
                    "commands": [
                        "title @s title \"Vous instaurez la tristesse\"",
                        "title @p[r=5,rm=1] actionbar \"Vous etes triste !\""
                    ],
                    "required_ability" : "toggle_ambiances"
                    }
        
	}
}