{
	"name": {
		"text": "emotion_absorption"
	},

	"icon": {
        "type": "texture",
        "texture": "destasia:textures/gui/emotions.png"
        },

	"capsule_color": 8388736,

    "effects": [{
        "type": "glowing_hand",
        "color": [ 0.9, 0, 0.6],
           "size": 1.25,
        "conditions": [{
            "type": "ability_enabled",
            "ability": "lucraftcore:toggle_power"
        }]
    }],

	"abilities": {
		"toggle": {
            "ability": "lucraftcore:toggle_power",
            "show_in_bar": true,
            "title": {"translate":"Activation du pouvoir"},
            "icon": {
                "type": "texture",
                "texture": "destasia:textures/gui/emotions.png"},
            "bar_color": "magenta"
            },

        "absorption": {
            "ability": "lucraftcore:command",
            "cooldown": 200,
            "show_in_bar": true,
            "title": {"translate":"Absorption (passif)"},
            "icon": {
                "type": "texture",
                "texture": "destasia:textures/gui/emotions_absorption.png"},
            "bar_color": "magenta",
            "commands": [
                "title @s actionbar \"Vous absorber ses emotions\"",
                "title @p[r=5,rm=1] actionbar \"Quelqu'un absorbe vos emotions\"",
                "particle heart ~ ~ ~ 1 1 1 1 15 @e[rm=1,r=5]",
                "particle heart ~ ~ ~ 1 1 1 1 50"],
            "required_ability" : "toggle"
            }

	}
}