{
	"name": {
		"text": "destasia.pouvoir.emotions"
	},

	"icon": {
        "type": "texture",
        "texture": "destasia:textures/gui/emotions.png"
        },

	"capsule_color": 8388736,

    "effects": [{
        "type": "glowing_hand",
        "color": [ 0.9, 0, 0.6],
           "size": 1.25,
        "conditions": [{
            "type": "ability_enabled",
            "ability": "lucraftcore:toggle_power"
        }]
    }],

	"abilities": {
		"toggle": {
            "ability": "lucraftcore:toggle_power",
            "show_in_bar": true,
            "title": {"translate":"Activation du pouvoir"},
            "icon": {
                "type": "texture",
                "texture": "destasia:textures/gui/emotions.png"},
            "bar_color": "magenta"
            },
        
        "charme": {
            "ability": "lucraftcore:command",
            "cooldown": 200,
            "show_in_bar": true,
            "title": {"translate":"Charme (passif)"},
            "icon": {
                "type": "texture",
                "texture": "destasia:textures/gui/emotions_charme.png"},
            "bar_color": "magenta",
            "commands": [
                "title @p actionbar \"Vous controlez les emotions des deux personnes les plus proche de vous\"",
                "title @p[r=5,rm=1] actionbar \"On controle vos émotions\"",
                "particle heart ~ ~ ~ 1 1 1 1 15 @p[rm=1,r=5]",
                "particle heart ~ ~ ~ 1 1 1 1 100"],
            "required_ability" : "toggle"
            },

        "absorption": {
            "ability": "lucraftcore:command",
            "cooldown": 200,
            "show_in_bar": true,
            "title": {"translate":"Absorption (passif)"},
            "icon": {
                "type": "texture",
                "texture": "destasia:textures/gui/emotions_absorption.png"},
            "bar_color": "magenta",
            "commands": [
                "title @s actionbar \"Vous absorber ces emotions\"",
                "title @p[r=5,rm=1] actionbar \"Quelqu'un absorbe vos emotions\"",
                "particle heart ~ ~ ~ 1 1 1 1 15 @e[rm=1,r=5]",
                "particle heart ~ ~ ~ 1 1 1 1 100"],
            "required_ability" : "toggle"
            },

        "ambiances": {
            "ability": "lucraftcore:command",
            "cooldown": 200,
            "show_in_bar": true,
            "title": {"translate":"Ambiances émotionnelles (passif)"},
            "icon": {
                "type": "texture",
                "texture": "destasia:textures/gui/emotions_ambiances.png"},
            "bar_color": "magenta",
            "commands": [
                "title @s actionbar \"Vous controlez les émotions de plusieurs peronnes\"",
                "title @p[r=5,rm=1] actionbar \"On controle vos émotions\"",
                "particle heart ~ ~ ~ 1 1 1 1 15 @p[rm=1,r=5]",
                "particle heart ~ ~ ~ 1 1 1 1 100"],
            "required_ability" : "toggle"
            },

        "sensibilite": {
            "ability": "the-fifth-world:explode",
            "cooldown": 1200,
            "show_in_bar": true,
            "title": {"translate":"Sensibilité"},
            "icon": {
                "type": "texture",
                "texture": "destasia:textures/gui/emotions_sensibilite.png"},
            "bar_color": "magenta",
            "strength": 20,
            "required_ability" : "toggle"
            },

        "god_mode": {
            "ability": "heroesexpansion:god_mode",
            "cooldown": 0,
            "show_in_bar": true,
            "title": {"translate":"Météo"},
            "icon": {
                "type": "texture",
                "texture": "destasia:textures/gui/emotions_meteo.png"},
            "bar_color": "magenta",
            "damage": 0,
            "required_ability" : "toggle"
            },

        "pluie": {
            "ability": "lucraftcore:command",
            "cooldown": 0,
            "show_in_bar": true,
            "title": {"translate":"Mauvais temps"},
            "icon": {
                "type": "texture",
                "texture": "destasia:textures/gui/emotions_nuage.png"},
            "bar_color": "magenta",
            "commands": ["weather thunder"],
            "required_ability" : "god_mode"
            },

        "soleil": {
            "ability": "lucraftcore:command",
            "cooldown": 0,
            "show_in_bar": true,
            "title": {"translate":"Ensoleillé"},
            "icon": {
                "type": "texture",
                "texture": "destasia:textures/gui/emotions_soleil.png"},
            "bar_color": "magenta",
            "commands": ["weather clear"],
            "required_ability" : "god_mode"
            }

	}
}