{
	"name": {
		"text": "emotion_charme"
	},

	"icon": {
        "type": "texture",
        "texture": "destasia:textures/gui/emotions.png"
        },

	"capsule_color": 8388736,

    "effects": [{
        "type": "glowing_hand",
        "color": [ 0.9, 0, 0.6],
           "size": 1.25,
        "conditions": [{
            "type": "ability_enabled",
            "ability": "lucraftcore:toggle_power"
        }]
    }],

	"abilities": {
		"toggle": {
            "ability": "lucraftcore:toggle_power",
            "show_in_bar": true,
            "title": {"translate":"Activation du pouvoir"},
            "icon": {
                "type": "texture",
                "texture": "destasia:textures/gui/emotions.png"},
            "bar_color": "magenta"
            },
        
        "charme": {
            "ability": "lucraftcore:command",
            "cooldown": 200,
            "show_in_bar": true,
            "title": {"translate":"Charme (passif)"},
            "icon": {
                "type": "texture",
                "texture": "destasia:textures/gui/emotions_charme.png"},
            "bar_color": "magenta",
            "commands": [
                "title @p actionbar \"Vous controlez les emotions des deux personnes les plus proche de vous\"",
                "title @p[r=5,rm=1] actionbar \"On controle vos émotions\"",
                "particle heart ~ ~ ~ 1 1 1 1 15 @p[rm=1,r=5]",
                "particle heart ~ ~ ~ 1 1 1 1 100"],
            "required_ability" : "toggle"
            }
	}
}