{
	"name": {
		"text": "emotion_meteo"
	},

	"icon": {
        "type": "texture",
        "texture": "destasia:textures/gui/emotions.png"
        },

	"capsule_color": 8388736,

    "effects": [{
        "type": "glowing_hand",
        "color": [ 0.9, 0, 0.6],
           "size": 1.25,
        "conditions": [{
            "type": "ability_enabled",
            "ability": "lucraftcore:toggle_power"
        }]
    }],

	"abilities": {
		"toggle": {
            "ability": "lucraftcore:toggle_power",
            "show_in_bar": true,
            "title": {"translate":"Activation du pouvoir"},
            "icon": {
                "type": "texture",
                "texture": "destasia:textures/gui/emotions.png"},
            "bar_color": "magenta"
            },

        "god_mode": {
            "ability": "heroesexpansion:god_mode",
            "cooldown": 0,
            "show_in_bar": true,
            "title": {"translate":"Météo"},
            "icon": {
                "type": "texture",
                "texture": "destasia:textures/gui/emotions_meteo.png"},
            "bar_color": "magenta",
            "damage": 0,
            "required_ability" : "toggle"
            },

        "pluie": {
            "ability": "lucraftcore:command",
            "cooldown": 0,
            "show_in_bar": true,
            "title": {"translate":"Mauvais temps"},
            "icon": {
                "type": "texture",
                "texture": "destasia:textures/gui/emotions_nuage.png"},
            "bar_color": "magenta",
            "commands": ["weather thunder"],
            "required_ability" : "god_mode"
            },

        "soleil": {
            "ability": "lucraftcore:command",
            "cooldown": 0,
            "show_in_bar": true,
            "title": {"translate":"Ensoleillé"},
            "icon": {
                "type": "texture",
                "texture": "destasia:textures/gui/emotions_soleil.png"},
            "bar_color": "magenta",
            "commands": ["weather clear"],
            "required_ability" : "god_mode"
            }

	}
}