{
	"name": {
		"text": "emotion_sensibilite"
	},

	"icon": {
        "type": "texture",
        "texture": "destasia:textures/gui/emotions.png"
        },

	"capsule_color": 8388736,

    "effects": [{
        "type": "glowing_hand",
        "color": [ 0.9, 0, 0.6],
           "size": 1.25,
        "conditions": [{
            "type": "ability_enabled",
            "ability": "lucraftcore:toggle_power"
        }]
    }],

	"abilities": {
		"toggle": {
            "ability": "lucraftcore:toggle_power",
            "show_in_bar": true,
            "title": {"translate":"Activation du pouvoir"},
            "icon": {
                "type": "texture",
                "texture": "destasia:textures/gui/emotions.png"},
            "bar_color": "magenta"
            },

        "sensibilite": {
            "ability": "the-fifth-world:explode",
            "cooldown": 1200,
            "show_in_bar": true,
            "title": {"translate":"Sensibilité"},
            "icon": {
                "type": "texture",
                "texture": "destasia:textures/gui/emotions_sensibilite.png"},
            "bar_color": "magenta",
            "strength": 2,
            "required_ability" : "toggle"
            }

	}
}