{
	"name": {
		"text": "destasia.pouvoir.esprit"
	},

	"icon": {
        "type": "texture",
        "texture": "destasia:textures/gui/esprit.png"
        },

	"capsule_color": 6684825,

    "effects": [{
        "type": "glowing_hand",
        "color": [ 0.5, 0, 1],
           "size": 1.25,
        "conditions": [{
            "type": "ability_enabled",
            "ability": "lucraftcore:toggle_power"
        }]
    }],

	"abilities": {
		"toggle": {
            "ability": "lucraftcore:toggle_power",
            "show_in_bar": true,
            "title": {"translate":"Activation du pouvoir"},
            "icon": {
                "type": "texture",
                "texture": "destasia:textures/gui/esprit.png"},
            "bar_color": "purple"
            },
        
        "télépathie": {
            "ability": "lucraftcore:command",
            "cooldown": 200,
            "show_in_bar": true,
            "title": {"translate":"Télépathie (passif)"},
            "icon": {
                "type": "texture",
                "texture": "destasia:textures/gui/esprit_telepathie.png"},
            "bar_color": "purple",
            "commands": [
                "title @p actionbar \"Vous parler en télépathie avec la personne la plus proche de vous !\"",
                "title @p[r=1,rm=1] actionbar \"On vous parle en télépathie\"",
                "particle witchMagic ~ ~ ~ 1 1 1 1 15 @p[rm=1,r=5]",
                "particle witchMagic ~ ~ ~ 1 1 1 1 100"],
            "required_ability" : "toggle"
            },

        "message": {
            "ability": "lucraftcore:command",
            "cooldown": 200,
            "show_in_bar": true,
            "title": {"translate":"Message spirituel (passif)"},
            "icon": {
                "type": "texture",
                "texture": "destasia:textures/gui/esprit_message.png"},
            "bar_color": "purple",
            "commands": [
                "title @p actionbar \"Vous essayer d'enfermer un message dans cette objets\"",
                "title @p[r=5,rm=1] actionbar \"Quelqu'un a enfermer un message a l'interieur de vous\"",
                "particle witchMagic ~ ~ ~ 1 1 1 1 15 @p[rm=1,r=5]",
                "particle witchMagic ~ ~ ~ 1 1 1 1 100"],
            "required_ability" : "toggle"
            },

        "hypnose": {
            "ability": "lucraftcore:command",
            "cooldown": 200,
            "show_in_bar": true,
            "title": {"translate":"Hypnose (passif)"},
            "icon": {
                "type": "texture",
                "texture": "destasia:textures/gui/esprit_hypnose.png"},
            "bar_color": "purple",
            "commands": [
                "title @p actionbar \"Vous hypnotisez la personne la plus proche de vous !\"",
                "title @p[r=5,rm=1] actionbar \"Vous êtes sous-hypnose\"",
                "particle witchMagic ~ ~ ~ 1 1 1 1 15 @p[rm=1,r=5]",
                "particle witchMagic ~ ~ ~ 1 1 1 1 100"],
            "required_ability" : "toggle"
            },

        // "controle": {
        //     "ability": "lucraftcore:command",
        //     "cooldown": 200,
        //     "show_in_bar": true,
        //     "title": {"translate":"Contrôle (passif)"},
        //     "icon": {
        //         "type": "texture",
        //         "texture": "destasia:textures/gui/esprit_controle.png"},
        //     "bar_color": "purple",
        //     "commands": [
        //         "title @p actionbar \"Vous controlez la personne la plus proche de vous !\"",
        //         "title @p[r=5,rm=1] actionbar \"Vous êtes sous-contrôle\"",
        //         "particle witchMagic ~ ~ ~ 1 1 1 1 15 @p[rm=1,r=5]",
        //         "particle witchMagic ~ ~ ~ 1 1 1 1 100"],
        //     "required_ability" : "toggle"
        //     },

        "communication": {
            "ability": "lucraftcore:command",
            "cooldown": 300,
            "show_in_bar": true,
            "title": {"translate":"Communiquer avec les morts (passif)"},
            "icon": {
                "type": "texture",
                "texture": "destasia:textures/gui/esprit_communiquer.png"},
            "bar_color": "purple",
            "commands": [
                "title @p actionbar \"Vous avez 15 seconde pour communiquer avec le mort...\"",
                "title @p[r=5,rm=1] actionbar \"Quelqu'un essaye de communiquer avec vous...\"",
                "effect @p minecraft:nausea 600 5",
                "particle witchMagic ~ ~ ~ 1 1 1 1 15 @p[rm=1,r=5]",
                "particle witchMagic ~ ~ ~ 1 1 1 1 100"],
            "required_ability" : "toggle"
            },

        "telekinesie": {
            "ability": "heroesexpansion:grab_entity",
            "cooldown": 100,
            "show_in_bar": true,
            "title": {"translate":"Telekinesie"},
            "icon": {
                "type": "texture",
                "texture": "destasia:textures/gui/esprit_telekinesie.png"},
            "bar_color": "purple",
            "required_ability" : "toggle"
            }
    }
}