{
    "name": {
        "text": "esprit_hypnose"
	},

	"icon": {
        "type": "texture",
        "texture": "destasia:textures/gui/esprit_hypnose.png"
        },

	"capsule_color": 6684825,

    "effects": [{
        "type": "glowing_hand",
        "color": [ 0.5, 0, 1],
           "size": 1.25,
        "conditions": [{
            "type": "ability_enabled",
            "ability": "lucraftcore:toggle_power"
        }]
    }],

	"abilities": {
		"toggle": {
            "ability": "lucraftcore:toggle_power",
            "show_in_bar": true,
            "title": {"translate":"Activation du pouvoir"},
            "icon": {
                "type": "texture",
                "texture": "destasia:textures/gui/esprit.png"},
            "bar_color": "purple"
            },

        "hypnose": {
            "ability": "lucraftcore:command",
            "cooldown": 200,
            "show_in_bar": true,
            "title": {"translate":"Hypnose (passif)"},
            "icon": {
                "type": "texture",
                "texture": "destasia:textures/gui/esprit_hypnose.png"},
            "bar_color": "purple",
            "commands": [
                "title @p actionbar \"Vous hypnotisez la personne la plus proche de vous !\"",
                "title @p[r=5,rm=1] actionbar \"Vous êtes sous-hypnose\"",
                "particle witchMagic ~ ~ ~ 1 1 1 1 15 @p[rm=1,r=5]",
                "particle witchMagic ~ ~ ~ 1 1 1 1 100"],
            "required_ability" : "toggle"
            }
    }
}