{
	"name": {
		"text":"esprit_telepathie"
	},

	"icon": {
        "type": "texture",
        "texture": "destasia:textures/gui/esprit.png"
        },

	"capsule_color": 6684825,

    "effects": [{
        "type": "glowing_hand",
        "color": [ 0.5, 0, 1],
           "size": 1.25,
        "conditions": [{
            "type": "ability_enabled",
            "ability": "lucraftcore:toggle_power"
        }]
    }],

	"abilities": {
		"toggle": {
            "ability": "lucraftcore:toggle_power",
            "show_in_bar": true,
            "title": {"translate":"Activation du pouvoir"},
            "icon": {
                "type": "texture",
                "texture": "destasia:textures/gui/esprit.png"},
            "bar_color": "purple"
            },
        
        "telepathie": {
            "ability": "lucraftcore:command",
            "cooldown": 200,
            "show_in_bar": true,
            "title": {"translate":"Télépathie (passif)"},
            "icon": {
                "type": "texture",
                "texture": "destasia:textures/gui/esprit_telepathie.png"},
            "bar_color": "purple",
            "commands": [
                "title @s actionbar \"Vous parler en télépathie avec la personne la plus proche de vous !\"",
                "title @p[r=2,rm=1] actionbar \"On vous parle en télépathie\"",
                "particle witchMagic ~ ~ ~ 1 1 1 1 15 @p[rm=1,r=5]",
                "particle witchMagic ~ ~ ~ 1 1 1 1 100"],
            "required_ability" : "toggle"
            }
    }
}