{
	"name": {
		"text": "esprit_telekinesie"
	},

	"icon": {
        "type": "texture",
        "texture": "destasia:textures/gui/esprit.png"
        },

	"capsule_color": 6684825,

    "effects": [{
        "type": "glowing_hand",
        "color": [ 0.5, 0, 1],
           "size": 1.25,
        "conditions": [{
            "type": "ability_enabled",
            "ability": "lucraftcore:toggle_power"
        }]
    }],

	"abilities": {
		"toggle": {
            "ability": "lucraftcore:toggle_power",
            "show_in_bar": true,
            "title": {"translate":"Activation du pouvoir"},
            "icon": {
                "type": "texture",
                "texture": "destasia:textures/gui/esprit.png"},
            "bar_color": "purple"
            },

        "telekinesie": {
            "ability": "heroesexpansion:grab_entity",
            "cooldown": 100,
            "show_in_bar": true,
            "title": {"translate":"Telekinesie"},
            "icon": {
                "type": "texture",
                "texture": "destasia:textures/gui/esprit_telekinesie.png"},
            "bar_color": "purple",
            "required_ability" : "toggle"
            }
    }
}