{
	"name": {
		"text": "esprit_message_spirituel"
	},

	"icon": {
        "type": "texture",
        "texture": "destasia:textures/gui/esprit.png"
        },

	"capsule_color": 6684825,

    "effects": [{
        "type": "glowing_hand",
        "color": [ 0.5, 0, 1],
           "size": 1.25,
        "conditions": [{
            "type": "ability_enabled",
            "ability": "lucraftcore:toggle_power"
        }]
    }],

	"abilities": {
		"toggle": {
            "ability": "lucraftcore:toggle_power",
            "show_in_bar": true,
            "title": {"translate":"Activation du pouvoir"},
            "icon": {
                "type": "texture",
                "texture": "destasia:textures/gui/esprit.png"},
            "bar_color": "purple"
            },

        "message": {
            "ability": "lucraftcore:command",
            "cooldown": 200,
            "show_in_bar": true,
            "title": {"translate":"Message spirituel (passif)"},
            "icon": {
                "type": "texture",
                "texture": "destasia:textures/gui/esprit_message.png"},
            "bar_color": "purple",
            "commands": [
                "title @p actionbar \"Vous essayer d'enfermer un message dans cette objets\"",
                "title @p[r=5,rm=1] actionbar \"Quelqu'un a enfermer un message a l'interieur de vous\"",
                "particle witchMagic ~ ~ ~ 1 1 1 1 15 @p[rm=1,r=5]",
                "particle witchMagic ~ ~ ~ 1 1 1 1 100"],
            "required_ability" : "toggle"
            }
    }
}