{
	"name": {
		"text": "destasia.pouvoir.feu"
	},

	"icon": {
                "type": "texture",
                "texture": "destasia:textures/gui/feu.png"},

	"capsule_color": 15079962,

	"abilities": {

		"toggle": {
            "ability": "lucraftcore:toggle_power",
            "show_in_bar": true,
            "title": {"translate":"Activation du pouvoir"},
            "icon": {
                "type": "texture",
                "texture": "destasia:textures/gui/feu.png"},
            "bar_color": "red"
            },
        
        "bdf": {
            "ability": "lucraftcore:energy_blast",
            "cooldown": 200,                
            "show_in_bar": true,
            "title": {"translate":"Boule de Feu"},
            "icon": {
                "type": "texture",
                "texture": "destasia:textures/gui/feu_boule.png"},
            "bar_color": "red",
            "damage": 4.0,
            "color": [230,26,26],
            "entity_data": {},
            "play_sound": false,                
            "invisible": false,
            "required_ability": "toggle"
            },

        "toggle_flame": {
            "ability": "lucraftcore:toggle_power",
            "show_in_bar": true,
            "title": {"translate":"Feu flottant"},
            "icon": {
                "type": "texture",
                "texture": "destasia:textures/gui/feu_flamme.png"},
            "bar_color": "red",
            "required_ability":"toggle"
            },

        "particle_flame": {
            "ability": "lucraftcore:command_loop",
            "show_in_bar": false,
            "title": {"translate":"Effet pour feu flottant"},
            "icon": {
                "type": "texture",
                "texture": "destasia:textures/gui/feu_feu.png"},
            "bar_color": "red",
            "commands": ["particle flame ~ ~ ~ 1 1 1 .1 10"],
            "cooldown":100,
            "required_ability":"toggle_flame"
            },

        "force_field": {
            "ability": "heroesexpansion:force_field",
            "cooldown": 50,
            "show_in_bar": true,
            "title": {"translate":"Bouclier de feu"},
            "icon": {
                "type": "texture",
                "texture": "destasia:textures/gui/feu_bouclier.png"},
            "bar_color": "red",
            "color": [230, 26, 26],
            "required_ability":"toggle"
            },

        "fire_punch": {
            "ability": "lucraftcore:fire_punch",
            "show_in_bar": true,
            "title": {"translate":"Incendie"},
            "icon": {
                "type": "texture",
                "texture": "destasia:textures/gui/feu_incendie.png"},
            "bar_color": "red",
            "duration": 2,
            "required_ability" : "toggle"
            },

        "souffle": {
            "ability": "heroesexpansion:heat_vision",
            "cooldown": 40,
            "show_in_bar": true,
            "title": {"translate":"Souffle de feu"},
            "icon": {
                "type": "texture",
                "texture": "destasia:textures/gui/feu_souffle.png"},
            "bar_color": "red",
            "color": [230, 26, 26],
            "required_ability" : "toggle"
            },

        "strength": {
            "ability": "lucraftcore:strength",
            "show_in_bar": false,
            "title": {"translate":"Force (abilité)"},
            "icon": {
                "type": "texture",
                "texture": "destasia:textures/gui/feu_force.png"},
            "bar_color": "red",
            "amount": 1.0,
            "operation": 0,
            "uuid": "0669d99d-b34d-40fc-a4d8-c7ee963cc842"
            },

        "fire_resistance": {
            "ability": "lucraftcore:fire_resistance",
            "show_in_bar": false,
            "title": {"translate":"Resitance au feu (abilité)"},
            "icon": {
                "type": "texture",
                "texture": "destasia:textures/gui/feu_resistance_feu.png"},
            "bar_color": "red"
            },

        "particle_souffle": {
            "ability": "lucraftcore:command_loop",
            "show_in_bar": false,
            "title": {"translate":"Effet pour souffler du feu"},
            "icon": {
                "type": "texture",
                "texture": "destasia:textures/gui/feu_feu.png"},
            "bar_color": "red",
            "commands": [
                "particle flame ~ ~1.7 ~ -0.1 -0.1 0.1 0.01 100"
            ],
            "required_ability" : "souffle"
            },

        "saut": {
            "ability": "lucraftcore:toggle_power",
            "cooldown":100,
            "show_in_bar": true,
            "title": {"translate":"Activation du saut"},
            "icon": {
                "type": "texture",
                "texture": "destasia:textures/gui/feu_propulsion.png"},
            "bar_color": "red",
            "required_ability" : "toggle"
            },
 
        "effet_saut": {
            "ability": "lucraftcore:command_loop",
            "show_in_bar": false,
            "title": {"translate":"jump boost"},
            "icon": {
                "type": "texture",
                "texture": "destasia:textures/gui/feu_feu.png"},
            "bar_color": "red",
            "commands": ["effect @p minecraft:jump_boost 5 20 true"],
            "required_ability" : "saut"
            },
                
        "chute": {
            "ability": "lucraftcore:fall_resistance",
            "show_in_bar": false,
            "title": {"translate":"resistence aux chutes"},
            "icon": {
                "type": "texture",
                "texture": "destasia:textures/gui/feu_feu.png"},
            "bar_color": "red",
            "amount": 2,
            "required_ability" : "saut"
            },

        "particle_super_saut": {
            "ability": "lucraftcore:command_loop",
            "show_in_bar": false,
            "title": {"translate":"Effet pour super-saut"},
            "icon": {
                "type": "texture",
                "texture": "destasia:textures/gui/feu_feu.png"},
            "bar_color": "red",
            "commands": [
                "particle flame ~ ~ ~ -0.1 -0.1 0.1 0.01 100",
                "particle flame ~ ~1 ~ -0.1 -0.1 0.1 0.01 100"
            ],
            "required_ability" : "saut",
            "conditions": [
                {
                    "type": "ability_enabled",
                    "ability": "lucraftcore:jump_boost"
                },
                {
                    "type": "moving"
                }
            ]
    
            }
	}
}