{
	"name": {
		"text": "feu_bouclier"
	},

	"icon": {
                "type": "texture",
                "texture": "destasia:textures/gui/feu.png"},

	"capsule_color": 15079962,

	"abilities": {

		"toggle": {
            "ability": "lucraftcore:toggle_power",
            "show_in_bar": true,
            "title": {"translate":"Activation du pouvoir"},
            "icon": {
                "type": "texture",
                "texture": "destasia:textures/gui/feu.png"},
            "bar_color": "red"
            },

        "strength": {
            "ability": "lucraftcore:strength",
            "show_in_bar": false,
            "title": {"translate":"Force (abilité)"},
            "icon": {
                "type": "texture",
                "texture": "destasia:textures/gui/feu_force.png"},
            "bar_color": "red",
            "amount": 2.0,
            "operation": 0,
            "uuid": "0669d99d-b34d-40fc-a4d8-c7ee963cc842"
            },

        "fire_resistance": {
            "ability": "lucraftcore:fire_resistance",
            "show_in_bar": false,
            "title": {"translate":"Resitance au feu (abilité)"},
            "icon": {
                "type": "texture",
                "texture": "destasia:textures/gui/feu_resistance_feu.png"},
            "bar_color": "red"
            },

        "force_field": {
            "ability": "heroesexpansion:force_field",
            "cooldown": 50,
            "show_in_bar": true,
            "title": {"translate":"Bouclier de feu"},
            "icon": {
                "type": "texture",
                "texture": "destasia:textures/gui/feu_bouclier.png"},
            "bar_color": "red",
            "color": [230, 26, 26],
            "required_ability":"toggle"
            }
	}
}