{
	"name": {
		"text": "feu_boule_de_feu"
	},

	"icon": {
                "type": "texture",
                "texture": "destasia:textures/gui/feu.png"},

	"capsule_color": 15079962,

	"abilities": {

		"toggle": {
            "ability": "lucraftcore:toggle_power",
            "show_in_bar": true,
            "title": {"translate":"Activation du pouvoir"},
            "icon": {
                "type": "texture",
                "texture": "destasia:textures/gui/feu.png"},
            "bar_color": "red"
            },

        "strength": {
            "ability": "lucraftcore:strength",
            "show_in_bar": false,
            "title": {"translate":"Force (abilité)"},
            "icon": {
                "type": "texture",
                "texture": "destasia:textures/gui/feu_force.png"},
            "bar_color": "red",
            "amount": 2.0,
            "operation": 0,
            "uuid": "0669d99d-b34d-40fc-a4d8-c7ee963cc842"
            },

        "fire_resistance": {
            "ability": "lucraftcore:fire_resistance",
            "show_in_bar": false,
            "title": {"translate":"Resitance au feu (abilité)"},
            "icon": {
                "type": "texture",
                "texture": "destasia:textures/gui/feu_resistance_feu.png"},
            "bar_color": "red"
            },
        
        "bdf": {
            "ability": "lucraftcore:energy_blast",
            "cooldown": 400,                
            "show_in_bar": true,
            "title": {"translate":"Boule de Feu"},
            "icon": {
                "type": "texture",
                "texture": "destasia:textures/gui/feu_boule.png"},
            "bar_color": "red",
            "damage": 5.0,
            "color": [230,26,26],
            "entity_data": {},
            "play_sound": false,                
            "invisible": false,
            "required_ability": "toggle"
            }
	}
}