{
	"name": {
		"text": "feu_souffle_de_feu"
	},

	"icon": {
                "type": "texture",
                "texture": "destasia:textures/gui/feu.png"},

	"capsule_color": 15079962,

	"abilities": {

		"toggle": {
            "ability": "lucraftcore:toggle_power",
            "show_in_bar": true,
            "title": {"translate":"Activation du pouvoir"},
            "icon": {
                "type": "texture",
                "texture": "destasia:textures/gui/feu.png"},
            "bar_color": "red"
            },

        "strength": {
            "ability": "lucraftcore:strength",
            "show_in_bar": false,
            "title": {"translate":"Force (abilité)"},
            "icon": {
                "type": "texture",
                "texture": "destasia:textures/gui/feu_force.png"},
            "bar_color": "red",
            "amount": 1.0,
            "operation": 0,
            "uuid": "0669d99d-b34d-40fc-a4d8-c7ee963cc842"
            },

        "fire_resistance": {
            "ability": "lucraftcore:fire_resistance",
            "show_in_bar": false,
            "title": {"translate":"Resitance au feu (abilité)"},
            "icon": {
                "type": "texture",
                "texture": "destasia:textures/gui/feu_resistance_feu.png"},
            "bar_color": "red"
            },

        "souffle": {
            "ability": "heroesexpansion:heat_vision",
            "cooldown": 20,
            "show_in_bar": true,
            "title": {"translate":"Souffle de feu"},
            "icon": {
                "type": "texture",
                "texture": "destasia:textures/gui/feu_souffle.png"},
            "bar_color": "red",
            "color": [230, 26, 26],
            "required_ability" : "toggle"
            },

        "particle_souffle": {
            "ability": "lucraftcore:command_loop",
            "show_in_bar": false,
            "title": {"translate":"Effet pour souffler du feu"},
            "icon": {
                "type": "texture",
                "texture": "destasia:textures/gui/feu_feu.png"},
            "bar_color": "red",
            "commands": [
                "particle flame ~ ~1.7 ~ -0.1 -0.1 0.1 0.01 100"
            ],
            "required_ability" : "souffle"
            }
	}
}