{
	"name": {
		"text": "feu_flottant"
	},

	"icon": {
                "type": "texture",
                "texture": "destasia:textures/gui/feu.png"},

	"capsule_color": 15079962,

	"abilities": {

		"toggle": {
            "ability": "lucraftcore:toggle_power",
            "show_in_bar": true,
            "title": {"translate":"Activation du pouvoir"},
            "icon": {
                "type": "texture",
                "texture": "destasia:textures/gui/feu.png"},
            "bar_color": "red"
            },

        "strength": {
            "ability": "lucraftcore:strength",
            "show_in_bar": false,
            "title": {"translate":"Force (abilité)"},
            "icon": {
                "type": "texture",
                "texture": "destasia:textures/gui/feu_force.png"},
            "bar_color": "red",
            "amount": 1.0,
            "operation": 0,
            "uuid": "0669d99d-b34d-40fc-a4d8-c7ee963cc842"
            },

        "fire_resistance": {
            "ability": "lucraftcore:fire_resistance",
            "show_in_bar": false,
            "title": {"translate":"Resitance au feu (abilité)"},
            "icon": {
                "type": "texture",
                "texture": "destasia:textures/gui/feu_resistance_feu.png"},
            "bar_color": "red"
            },

        "toggle_flame": {
            "ability": "lucraftcore:toggle_power",
            "show_in_bar": true,
            "title": {"translate":"Feu flottant"},
            "icon": {
                "type": "texture",
                "texture": "destasia:textures/gui/feu_flamme.png"},
            "bar_color": "red",
            "required_ability":"toggle"
            },

        "particle_flame": {
            "ability": "lucraftcore:command_loop",
            "show_in_bar": false,
            "title": {"translate":"Effet pour feu flottant"},
            "icon": {
                "type": "texture",
                "texture": "destasia:textures/gui/feu_feu.png"},
            "bar_color": "red",
            "commands": ["particle flame ~ ~ ~ 1 1 1 .1 10"],
            "cooldown":100,
            "required_ability":"toggle_flame"
            }
	}
}