{
	"name": {
		"text": "feu_propultion"
	},

	"icon": {
                "type": "texture",
                "texture": "destasia:textures/gui/feu.png"},

	"capsule_color": 15079962,

	"abilities": {

		"toggle": {
            "ability": "lucraftcore:toggle_power",
            "show_in_bar": true,
            "title": {"translate":"Activation du pouvoir"},
            "icon": {
                "type": "texture",
                "texture": "destasia:textures/gui/feu.png"},
            "bar_color": "red"
            },

        "strength": {
            "ability": "lucraftcore:strength",
            "show_in_bar": false,
            "title": {"translate":"Force (abilité)"},
            "icon": {
                "type": "texture",
                "texture": "destasia:textures/gui/feu_force.png"},
            "bar_color": "red",
            "amount": 2.0,
            "operation": 0,
            "uuid": "0669d99d-b34d-40fc-a4d8-c7ee963cc842"
            },

        "fire_resistance": {
            "ability": "lucraftcore:fire_resistance",
            "show_in_bar": false,
            "title": {"translate":"Resitance au feu (abilité)"},
            "icon": {
                "type": "texture",
                "texture": "destasia:textures/gui/feu_resistance_feu.png"},
            "bar_color": "red"
            },

        "saut": {
            "ability": "lucraftcore:toggle_power",
            "cooldown":100,
            "show_in_bar": true,
            "title": {"translate":"Activation du saut"},
            "icon": {
                "type": "texture",
                "texture": "destasia:textures/gui/feu_feu.png"},
            "bar_color": "red",
            "required_ability" : "toggle"
            },
 
        "effet_saut": {
            "ability": "lucraftcore:command_loop",
            "show_in_bar": false,
            "title": {"translate":"jump boost"},
            "icon": {
                "type": "texture",
                "texture": "destasia:textures/gui/feu_saut.png"},
            "bar_color": "red",
            "commands": ["effect @s minecraft:jump_boost 5 7 true"],
            "required_ability" : "saut"
            },
                
        "chute": {
            "ability": "lucraftcore:fall_resistance",
            "show_in_bar": false,
            "title": {"translate":"resistence aux chutes"},
            "icon": {
                "type": "texture",
                "texture": "destasia:textures/gui/feu_feu.png"},
            "bar_color": "red",
            "amount": 2,
            "required_ability" : "saut"
            },

        "particle_super_saut": {
            "ability": "lucraftcore:command_loop",
            "show_in_bar": false,
            "title": {"translate":"Effet pour super-saut"},
            "icon": {
                "type": "texture",
                "texture": "destasia:textures/gui/feu_feu.png"},
            "bar_color": "red",
            "commands": [
                "particle flame ~ ~ ~ -0.1 -0.1 0.1 0.01 100",
                "particle flame ~ ~1 ~ -0.1 -0.1 0.1 0.01 100"
            ],
            "required_ability" : "saut",
            "conditions": [
                {
                    "type": "ability_enabled",
                    "ability": "lucraftcore:jump_boost"
                },
                {
                    "type": "moving"
                }
            ]
    
            }
	}
}