{
	"name": {
	"text": "glace_gel"},
	"icon": {
        "type": "texture",
        "texture": "destasia:textures/gui/glace.png"
        },
	"capsule_color": 3328255,

	"abilities": {
		"toggle": {
            "ability": "lucraftcore:toggle_power",
            "show_in_bar": true,
            "title": {"translate":"Activation du pouvoir"},
            "icon": { "type": "texture",
            "texture": "destasia:textures/gui/glace.png" },
            "bar_color": "light_blue"
            },

        "freeze_breath": {
            "ability": "heroesexpansion:freeze_breath",
            "cooldown": 100,
            "show_in_bar": true,
            "title": {"translate":"Gel"},
            "icon": { "type": "texture",
            "texture": "destasia:textures/gui/glace_gel.png" },
            "bar_color": "light_blue",
            "distance": 5,
            "required_ability": "toggle"
            },

        "resistance": {
            "ability": "lucraftcore:resistance",
            "show_in_bar": false,
            "title": {"translate":"Résistance (abilité)"},
            "icon": { "type": "texture",
            "texture": "destasia:textures/gui/glace_resistance.png" },
            "bar_color": "light_blue",
            "amount": 2.0,
            "operation": 0,
            "uuid": "0669d99d-b34d-40fc-a4d8-c7ee963cc842"
            }
	}
}