{
	"name": {
	"text": "glace_picots_de_glace"},
	"icon": {
        "type": "texture",
        "texture": "destasia:textures/gui/glace.png"
        },
	"capsule_color": 3328255,

    "effects": [{
        "type": "glowing_hand",
        "color": [ 0, 1, 1],
           "size": 1.25,
        "conditions": [{
            "type": "ability_enabled",
            "ability": "heroesexpansion:photon_blast"
        }]
    }],

	"abilities": {
		"toggle": {
            "ability": "lucraftcore:toggle_power",
            "show_in_bar": true,
            "title": {"translate":"Activation du pouvoir"},
            "icon": { "type": "texture",
            "texture": "destasia:textures/gui/glace.png" },
            "bar_color": "light_blue"
            },

        "resistance": {
            "ability": "lucraftcore:resistance",
            "show_in_bar": false,
            "title": {"translate":"Résistance (abilité)"},
            "icon": { "type": "texture",
            "texture": "destasia:textures/gui/glace_resistance.png" },
            "bar_color": "light_blue",
            "amount": 2.0,
            "operation": 0,
            "uuid": "0669d99d-b34d-40fc-a4d8-c7ee963cc842"
            },

        "energy_blast": {
            "ability": "lucraftcore:energy_blast",
            "cooldown": 60,
            "show_in_bar": true,
            "title": {"translate":"Picots de glace"},
            "icon": { "type": "texture",
            "texture": "destasia:textures/gui/glace_picots.png" },
            "bar_color": "light_blue",
            "damage": 3,
            "play_sound": false,                
            "invisible": false,
            "color": [50, 200, 255],
            "required_ability": "toggle"
            }
    }
}