{
	"name":{"text":"destasia.pouvoir.lave"},

	"icon": {
        "type": "texture",
        "texture": "destasia:textures/gui/lave.png"
        },

	"capsule_color":8912896,

	"abilities": {
		"toggle": {
            "ability": "lucraftcore:toggle_power",
            "show_in_bar": true,
            "title": {"translate":"Activation du pouvoir"},
            "icon": {
                "type": "texture",
                "texture": "destasia:textures/gui/lave.png"},
            "bar_color": "red"
            },

        "strength": {
			"ability": "lucraftcore:strength",
			"show_in_bar": false,
			"title": {"translate":"Force (abilité)"},
			"icon": {
                "type": "texture",
                "texture": "destasia:textures/gui/lave_force.png"},
			"bar_color": "red",
			"amount": 1.0,
			"operation": 0,
			"uuid": "0669d99d-b34d-40fc-a4d8-c7ee963cc842"
			},

        "fire_resistance": {
            "ability": "lucraftcore:fire_resistance",
            "show_in_bar": false,
            "title": {"translate":"lucraftcore.abilities.fire_resistance.name"},
            "icon": { 
                "type": "texture",
                "texture": "destasia:textures/gui/lave_feu.png" },
            "bar_color": "red"
            },

		// "fire_resistance": {
  //           "ability": "lucraftcore:command",
  //           "cooldown": 100,
  //           "show_in_bar": true,
  //           "title": {"translate":"Résistance au feu"},
  //           "icon": { 
  //               "type": "texture",
  //               "texture": "destasia:textures/gui/lave_feu.png" },
  //           "bar_color": "red",
  //           "commands": [
  //           "execute @p ~ ~ ~ effect @p minecraft:fire_resistance 5 2 true",
  //           "execute @p ~ ~ ~ /particle lava ~ ~ ~ 0 0 0 0.05 15"],
  //           "required_ability" : "toggle"
  //           },

        "gaz_toxique": {
            "ability": "lucraftcore:command",
            "show_in_bar": true,
            "title": {"text": "Nuage toxique"},
            "cooldown": 200,
            "icon": { "type": "texture",
            "texture": "destasia:textures/gui/lave_gaz.png" },
            "bar_color": "red",
            "commands": [
            "effect @p[rm=1,r=5] minecraft:wither 10 2 true",
            "particle smoke ~ ~ ~ 1 1 1 1 15 @p[rm=1,r=5]"],
            "required_ability" : "toggle"
            },

        "photon_blast": {
            "ability": "heroesexpansion:photon_blast",
            "cooldown": 40,
            "show_in_bar": true,
            "title": {"translate":"Jet de lave"},
            "icon": {
                "type": "texture",
                "texture": "destasia:textures/gui/lave_rayon.png"},
            "bar_color": "red",
            "damage": 2,
            "color": [198, 8, 0],
            "required_ability": "toggle"
            },

        "basalt": {
            "ability": "lucraftcore:command",
            "cooldown": 200,
            "show_in_bar": true,
            "title": {"translate":"Projection de Basalt"},
            "icon": {
                "type": "texture",
                "texture": "destasia:textures/gui/lave_basalt.png"},
            "bar_color": "red",
            "commands": [
                "summon Fireball ~ ~1 ~ {direction:[0.0,0.0,0.0],ExplosionPower:2}",
                "particle lava ~ ~ ~ 0 0 0 0.05 15"],
            "required_ability" : "toggle"
        	},

        "command": {
            "ability": "lucraftcore:command",
            "cooldown": 200,
            "show_in_bar": true,
            "title": {"translate":"Liquéfaction (passif)"},
            "icon": {
                "type": "texture",
                "texture": "destasia:textures/gui/lave_liquefaction.png"},
            "bar_color": "red",
            "commands": [
                "title @s actionbar \"Vous faites fondre quelque chose...\"",
                "execute @p ~ ~ ~ /particle lava ~ ~ ~ 0 0 0 0.05 15"],
            "required_ability" : "toggle"
        	}

    }
}