{
	"name":{"text":"lave_liquefaction"},

	"icon": {
        "type": "texture",
        "texture": "destasia:textures/gui/lave.png"
        },

	"capsule_color":8912896,

	"abilities": {
		"toggle": {
            "ability": "lucraftcore:toggle_power",
            "show_in_bar": true,
            "title": {"translate":"Activation du pouvoir"},
            "icon": {
                "type": "texture",
                "texture": "destasia:textures/gui/lave.png"},
            "bar_color": "red"
            },

        "strength": {
			"ability": "lucraftcore:strength",
			"show_in_bar": false,
			"title": {"translate":"Force (abilité)"},
			"icon": {
                "type": "texture",
                "texture": "destasia:textures/gui/lave_force.png"},
			"bar_color": "red",
			"amount": 3.0,
			"operation": 0,
			"uuid": "0669d99d-b34d-40fc-a4d8-c7ee963cc842"
			},

        "fire_resistance": {
            "ability": "lucraftcore:fire_resistance",
            "show_in_bar": false,
            "title": {"translate":"lucraftcore.abilities.fire_resistance.name"},
            "icon": { 
                "type": "texture",
                "texture": "destasia:textures/gui/lave_feu.png" },
            "bar_color": "red"
            },

        "command": {
            "ability": "lucraftcore:command",
            "cooldown": 200,
            "show_in_bar": true,
            "title": {"translate":"Liquéfaction (passif)"},
            "icon": {
                "type": "texture",
                "texture": "destasia:textures/gui/lave_liquefaction.png"},
            "bar_color": "red",
            "commands": [
                "title @s actionbar \"Vous faites fondre quelque chose...\"",
                "particle lava ~ ~ ~ 0 0 0 0.05 15"],
            "required_ability" : "toggle"
            }
    }
}