{
	"name": {
		"text": "destasia.pouvoir.lumiere"
	},

	"icon": {
        "type": "texture",
        "texture": "destasia:textures/gui/lumiere.png"
        },

	"capsule_color": 16711392,

    "effects": [{
        "type": "glowing_hand",
        "color": [ 1, 1, 1],
           "size": 1.25,
        "conditions": [{
            "type": "ability_enabled",
            "ability": "heroesexpansion:photon_blast"
        }]
    }],

	"abilities": {
		"toggle": {
            "ability": "lucraftcore:toggle_power",
            "show_in_bar": true,
            "title": {"translate":"Activation du pouvoir"},
            "icon": {
                "type": "texture",
                "texture": "destasia:textures/gui/lumiere.png"},
            "bar_color": "white"
            },
        
        "photon_blast": {
            "ability": "heroesexpansion:photon_blast",
            "cooldown": 40,
            "show_in_bar": true,
            "title": {"translate":"Laser lumineux"},
            "icon": {
                "type": "texture",
                "texture": "destasia:textures/gui/lumiere_laser.png"},
            "bar_color": "white",
            "damage": 2,
            "color": [254, 254, 224],
            "required_ability": "toggle"
            },

        "energy_blast": {
            "ability": "lucraftcore:energy_blast",
            "cooldown": 60,
            "show_in_bar": true,
            "title": {"translate":"Boules de lumière"},
            "icon": {
                "type": "texture",
                "texture": "destasia:textures/gui/lumiere_boule.png"},
            "bar_color": "white",
            "damage": 4,
            "color": [254, 254, 224],
            "required_ability": "toggle"
            },

        "time_remnant": {
            "ability": "speedsterheroes:time_remnant",
            "cooldown": 2400,
            "show_in_bar": true,
            "title": {"translate":"Illusions"},
            "icon": {
                "type": "texture",
                "texture": "destasia:textures/gui/lumiere_multi.png"},
            "bar_color": "white",
            "required_ability" : "toggle"
            },

        "luminosite": {
            "ability": "lucraftcore:command",
            "cooldown": 100,
            "show_in_bar": true,
            "title": {"translate":"Luminosité"},
            "icon": {
                "type": "texture",
                "texture": "destasia:textures/gui/lumiere_lumineux.png"},
            "bar_color": "white",
            "commands": [
            "effect @p minecraft:glowing 10 1 true"],
            "required_ability" : "toggle"
            },

        "detection": {
            "ability": "lucraftcore:command",
            "show_in_bar": true,
            "title": {"text": "Detection"},
            "cooldown": 200,
            "icon": { "type": "texture",
            "texture": "destasia:textures/gui/lumiere_detection.png" },
            "bar_color": "white",
            "commands": [
            "effect @p[rm=1,r=5] minecraft:glowing 10 1 true",
            "particle instantSpell ~ ~ ~ 1 1 1 1 15 @p[rm=1,r=5]"],
            "required_ability" : "toggle"
            },

        "eblouir": {
            "ability": "lucraftcore:command",
            "show_in_bar": true,
            "cooldown": 200,
            "title": {"translate":"Eblouissance"},
            "icon": {
                "type": "texture",
                "texture": "destasia:textures/gui/lumiere_eblouir.png"},
            "bar_color": "white",
            "commands": [
            "effect @p[rm=1,r=5] cgm:blinded 10 2 true"],
            "required_ability" : "toggle"
            }


	}
}