{
	"name": {
		"text": "lumiere_illusion"
	},

	"icon": {
        "type": "texture",
        "texture": "destasia:textures/gui/lumiere.png"
        },

	"capsule_color": 16711392,

    "effects": [{
        "type": "glowing_hand",
        "color": [ 1, 1, 1],
           "size": 1.25,
        "conditions": [{
            "type": "ability_enabled",
            "ability": "heroesexpansion:photon_blast"
        }]
    }],

	"abilities": {
		"toggle": {
            "ability": "lucraftcore:toggle_power",
            "show_in_bar": true,
            "title": {"translate":"Activation du pouvoir"},
            "icon": {
                "type": "texture",
                "texture": "destasia:textures/gui/lumiere.png"},
            "bar_color": "white"
            },

        "time_remnant": {
            "ability": "speedsterheroes:time_remnant",
            "cooldown": 2400,
            "show_in_bar": true,
            "title": {"translate":"Illusions"},
            "icon": {
                "type": "texture",
                "texture": "destasia:textures/gui/lumiere_multi.png"},
            "bar_color": "white",
            "required_ability" : "toggle"
            }
    }
}