{
	"name": {
		"text": "lumiere_laser_lumineux"
	},

	"icon": {
        "type": "texture",
        "texture": "destasia:textures/gui/lumiere.png"
        },

	"capsule_color": 16711392,

    "effects": [{
        "type": "glowing_hand",
        "color": [ 1, 1, 1],
           "size": 1.25,
        "conditions": [{
            "type": "ability_enabled",
            "ability": "heroesexpansion:photon_blast"
        }]
    }],

    "abilities": {
        "toggle": {
            "ability": "lucraftcore:toggle_power",
            "show_in_bar": true,
            "title": {"translate":"Activation du pouvoir"},
            "icon": {
                "type": "texture",
                "texture": "destasia:textures/gui/lumiere.png"},
            "bar_color": "white"
            },
        
        "photon_blast": {
            "ability": "heroesexpansion:photon_blast",
            "cooldown": 20,
            "show_in_bar": true,
            "title": {"translate":"Laser lumineux"},
            "icon": {
                "type": "texture",
                "texture": "destasia:textures/gui/lumiere_laser.png"},
            "bar_color": "white",
            "damage": 1,
            "color": [254, 254, 224],
            "required_ability": "toggle"
            }
    }
}