{
	"name": {
		"text": "lumiere_detection"
	},

	"icon": {
        "type": "texture",
        "texture": "destasia:textures/gui/lumiere.png"
        },

	"capsule_color": 16711392,

    "effects": [{
        "type": "glowing_hand",
        "color": [ 1, 1, 1],
           "size": 1.25,
        "conditions": [{
            "type": "ability_enabled",
            "ability": "heroesexpansion:photon_blast"
        }]
    }],

	"abilities": {
		"toggle": {
            "ability": "lucraftcore:toggle_power",
            "show_in_bar": true,
            "title": {"translate":"Activation du pouvoir"},
            "icon": {
                "type": "texture",
                "texture": "destasia:textures/gui/lumiere.png"},
            "bar_color": "white"
            },

        "detection": {
            "ability": "lucraftcore:command",
            "show_in_bar": true,
            "title": {"text": "Detection"},
            "cooldown": 200,
            "icon": { "type": "texture",
            "texture": "destasia:textures/gui/lumiere_detection.png" },
            "bar_color": "white",
            "commands": [
            "effect @e[rm=1,r=5] minecraft:glowing 10 1 true",
            "particle instantSpell ~ ~ ~ 1 1 1 1 15 @p[rm=1,r=5]"],
            "required_ability" : "toggle"
            }
    }
}