{
	"name": {
		"text": "lumiere_eblouissance"
	},

	"icon": {
        "type": "texture",
        "texture": "destasia:textures/gui/lumiere.png"
        },

	"capsule_color": 16711392,

    "effects": [{
        "type": "glowing_hand",
        "color": [ 1, 1, 1],
           "size": 1.25,
        "conditions": [{
            "type": "ability_enabled",
            "ability": "heroesexpansion:photon_blast"
        }]
    }],

	"abilities": {
		"toggle": {
            "ability": "lucraftcore:toggle_power",
            "show_in_bar": true,
            "title": {"translate":"Activation du pouvoir"},
            "icon": {
                "type": "texture",
                "texture": "destasia:textures/gui/lumiere.png"},
            "bar_color": "white"
            },

        "eblouir": {
            "ability": "lucraftcore:command",
            "show_in_bar": true,
            "cooldown": 200,
            "title": {"translate":"Eblouissance"},
            "icon": {
                "type": "texture",
                "texture": "destasia:textures/gui/lumiere_eblouir.png"},
            "bar_color": "white",
            "commands": [
            "effect @e[rm=1,r=5] cgm:blinded 10 2 true"],
            "required_ability" : "toggle"
            }
    }
}