{
	"name": {
		"text": "lumiere_luminosite"
	},

	"icon": {
        "type": "texture",
        "texture": "destasia:textures/gui/lumiere.png"
        },

	"capsule_color": 16711392,

    "effects": [{
        "type": "glowing_hand",
        "color": [ 1, 1, 1],
           "size": 1.25,
        "conditions": [{
            "type": "ability_enabled",
            "ability": "heroesexpansion:photon_blast"
        }]
    }],

	"abilities": {
		"toggle": {
            "ability": "lucraftcore:toggle_power",
            "show_in_bar": true,
            "title": {"translate":"Activation du pouvoir"},
            "icon": {
                "type": "texture",
                "texture": "destasia:textures/gui/lumiere.png"},
            "bar_color": "white"
            },

        "luminosite": {
            "ability": "lucraftcore:command_loop",
            "cooldown": 100,
            "show_in_bar": true,
            "title": {"translate":"Luminosité"},
            "icon": {
                "type": "texture",
                "texture": "destasia:textures/gui/lumiere_lumineux.png"},
            "bar_color": "white",
            "commands": [
            "effect @s minecraft:glowing 1 1 true"],
            "required_ability" : "toggle"
            }
    }
}