{
	"name": {
		"text": "destasia.pouvoir.metal"
	},

	"icon": {
        "type": "texture",
        "texture": "destasia:textures/gui/metal.png"
        },

	"capsule_color": 6316128,

    "effects": [
        {
            "type": "blade",
            "conditions": [
                {
                    "type": "ability_enabled",
                    "ability": "speedsterheroes:blade"
                }
            ]
        },
        {
            "type": "skin_change",
            "texture": "destasia:textures/models/metal_skin.png",
            "conditions": [
                {
                    "type": "ability_enabled",
                    "ability": "heroesexpansion:god_mode"
                }
            ]
        }
    ],

	"abilities": {
		"toggle": {
            "ability": "lucraftcore:toggle_power",
            "show_in_bar": true,
            "title": {"translate":"Activation du pouvoir"},
            "icon": { 
                "type": "texture",
                "texture": "destasia:textures/gui/metal.png" },
            "bar_color": "light_gray"
            },
        
        "size_change": {
            "ability": "lucraftcore:size_change",
            "cooldown": 0,
            "show_in_bar": true,
            "title": {"translate":"Grandissement"},
            "icon": { 
                "type": "texture",
                "texture": "destasia:textures/gui/metal_taille.png" },
            "bar_color": "light_gray",
            "size": 2,
            "size_changer": "lucraftcore:default",
            "required_ability": "toggle"
            },

        "renforcement": {
            "ability": "heroesexpansion:god_mode",
            "cooldown": 0,
            "show_in_bar": true,
            "title": {"translate":"Renforcement"},
            "icon": { 
                "type": "texture",
                "texture": "destasia:textures/gui/metal_renforcement.png" },
            "bar_color": "light_gray",
            "damage": 0,
            "required_ability": "toggle"
            },

        "explode": {
            "ability": "the-fifth-world:explode",
            "cooldown": 100,
            "show_in_bar": true,
            "title": {"translate":"Onde de choc"},
            "icon": { 
                "type": "texture",
                "texture": "destasia:textures/gui/metal_onde.png" },
            "bar_color": "light_gray",
            "strength": 5,
            "required_ability" : "toggle"
            },

        "lame": {
            "ability": "speedsterheroes:blade",
            "cooldown": 0,
            "show_in_bar": true,
            "title": {"translate":"Lame d'acier"},
            "icon": { 
                "type": "texture",
                "texture": "destasia:textures/gui/metal_lame.png" },
            "bar_color": "light_gray",
            "required_ability": "toggle"
            },

        "resistance": {
            "ability": "lucraftcore:resistance",
            "show_in_bar": false,
            "title": {"translate":"Résistance (abilité)"},
            "icon": { 
                "type": "texture",
                "texture": "destasia:textures/gui/metal_resistance.png" },
            "bar_color": "light_gray",
            "amount": 1.0,
            "operation": 0,
            "uuid": "0669d99d-b34d-40fc-a4d8-c7ee963cc842"
            },

        "strength": {
            "ability": "lucraftcore:strength",
            "show_in_bar": false,
            "title": {"translate":"Force (abilité)"},
            "icon": { 
                "type": "texture",
                "texture": "destasia:textures/gui/metal_force.png" },
            "bar_color": "light_gray",
            "amount": 1.0,
            "operation": 0,
            "uuid": "0669d99d-b34d-40fc-a4d8-c7ee963cc842"
            },

        "lenteur": {
            "ability": "lucraftcore:command_loop", 
            "show_in_bar": false,
            "title": {"translate":"Lenteur (abilité)"},
            "icon": { "type": "texture",
            "texture": "destasia:textures/gui/metal_lenteur.png" },
            "bar_color": "light_gray",
            "commands": [
            "effect @p minecraft:slowness 1 1 true"],
            "required_ability": "toggle"
            }
	}
}