{
	"name": {
		"text": "metal_grandissement"
	},

	"icon": {
        "type": "texture",
        "texture": "destasia:textures/gui/metal.png"
        },

	"capsule_color": 6316128,

	"abilities": {
		"toggle": {
            "ability": "lucraftcore:toggle_power",
            "show_in_bar": true,
            "title": {"translate":"Activation du pouvoir"},
            "icon": { 
                "type": "texture",
                "texture": "destasia:textures/gui/metal.png" },
            "bar_color": "light_gray"
            },

        "resistance": {
            "ability": "lucraftcore:resistance",
            "show_in_bar": false,
            "title": {"translate":"Résistance (abilité)"},
            "icon": { 
                "type": "texture",
                "texture": "destasia:textures/gui/metal_resistance.png" },
            "bar_color": "light_gray",
            "amount": 2.0,
            "operation": 0,
            "uuid": "0669d99d-b34d-40fc-a4d8-c7ee963cc842"
            },

        "strength": {
            "ability": "lucraftcore:strength",
            "show_in_bar": false,
            "title": {"translate":"Force (abilité)"},
            "icon": { 
                "type": "texture",
                "texture": "destasia:textures/gui/metal_force.png" },
            "bar_color": "light_gray",
            "amount": 2.0,
            "operation": 0,
            "uuid": "0669d99d-b34d-40fc-a4d8-c7ee963cc842"
            },

        "lenteur": {
            "ability": "lucraftcore:command_loop", 
            "show_in_bar": false,
            "title": {"translate":"Lenteur (abilité)"},
            "icon": { "type": "texture",
            "texture": "destasia:textures/gui/metal_lenteur.png" },
            "bar_color": "light_gray",
            "commands": [
            "effect @p minecraft:slowness 1 1 true"],
            "required_ability": "toggle"
            },
        
        "size_change": {
            "ability": "lucraftcore:size_change",
            "cooldown": 0,
            "show_in_bar": true,
            "title": {"translate":"Grandissement"},
            "icon": { 
                "type": "texture",
                "texture": "destasia:textures/gui/metal_taille.png" },
            "bar_color": "light_gray",
            "size": 2,
            "size_changer": "lucraftcore:default",
            "required_ability": "toggle"
            }
	}
}