{
	"name": {
		"text": "musique_crie_sonor"
	},

	"icon": {
        "type": "texture",
        "texture": "destasia:textures/gui/musique.png"
        },

	"capsule_color": 16549094,

    "effects": [{
        "type": "glowing_hand",
        "color": [ 1, 0.5, 1],
           "size": 1.25,
        "conditions": [{
            "type": "ability_enabled",
            "ability": "lucraftcore:toggle_power"
        }]
    }],

	"abilities": {
		"toggle": {
            "ability": "lucraftcore:toggle_power",
            "show_in_bar": true,
            "title": {"translate":"Activation du pouvoir"},
            "icon": { "type": "texture",
            "texture": "destasia:textures/gui/musique.png" },
            "bar_color": "pink"
            },

                "crie": {
            "ability": "lucraftcore:command",
            "cooldown": 600,
            "show_in_bar": true,
            "title": {"translate":"Crie sonor"},
            "icon": {
                "type": "texture",
                "texture": "destasia:textures/gui/musique_crie.png"},
            "bar_color": "pink",
            "commands": [
            "effect @p[rm=1,r=5] minecraft:slowness 10 5 true",
            "effect @p[rm=1,r=5] minecraft:blindness 10 2 true",
            "effect @p[rm=1,r=5] minecraft:nausea 10 2 true",
            "effect @p[rm=1,r=5] cgm:deafened 10 2 true",
            "particle instantSpell ~ ~ ~ 1 1 1 1 15 @p[rm=1,r=5]",
            "particle instantSpell ~ ~ ~ 1 1 1 1 100",
            "title @p[r=5,rm=1] actionbar \"Vous vous êtes evanuie\""],
            "required_ability" : "toggle"
            },

        "instrument": {
            "ability": "lucraftcore:command",
            "cooldown": 200,
            "show_in_bar": false,
            "title": {"translate":"Instruments (abilité)"},
            "icon": { "type": "texture",
            "texture": "destasia:textures/gui/musique_instruments.png" },
            "bar_color": "pink",
            "commands": [
                "title @p actionbar \"Vous savez jouer de tous les instruments de musique.\""]
            }
    }
}
