{
	"name": {
		"text": "destasia.pouvoir.musique"
	},

	"icon": {
        "type": "texture",
        "texture": "destasia:textures/gui/musique.png"
        },

	"capsule_color": 16549094,

    "effects": [{
        "type": "glowing_hand",
        "color": [ 1, 0.5, 1],
           "size": 1.25,
        "conditions": [{
            "type": "ability_enabled",
            "ability": "lucraftcore:toggle_power"
        }]
    }],

	"abilities": {
		"toggle": {
            "ability": "lucraftcore:toggle_power",
            "show_in_bar": true,
            "title": {"translate":"Activation du pouvoir"},
            "icon": { "type": "texture",
            "texture": "destasia:textures/gui/musique.png" },
            "bar_color": "pink"
            },

        "sonic_scream": {
            "ability": "the-fifth-world:screech",
            "cooldown": 140,
            "show_in_bar": true,
            "title": {"translate":"Répulsion sonor"},
            "icon": { "type": "texture",
            "texture": "destasia:textures/gui/musique_repulsion.png" },
            "bar_color": "pink",
            "damage": 1.0,
            "required_ability" : "toggle"
            },

        "chant_hypnotiseur": {
            "ability": "lucraftcore:command",
            "cooldown": 200,
            "show_in_bar": true,
            "title": {"translate":"Chant hypnotiseur (passif)"},
            "icon": { "type": "texture",
            "texture": "destasia:textures/gui/musique_chant.png" },
            "bar_color": "pink",
            "commands": [
                "title @p actionbar \"Vous êtes entrain d'hypnotiser quelq'un avec votre chant\"",
                "title @p[r=5,rm=1] actionbar \"Vous êtes sous-hypnose à cause du chant que vous entendez\"",
                "particle note ~ ~ ~ 1 1 1 1 15 @p[rm=1,r=5]",
                "particle note ~ ~ ~ 1 1 1 1 100"],
            "required_ability" : "toggle"
            },

        "instrument": {
            "ability": "lucraftcore:command",
            "cooldown": 200,
            "show_in_bar": false,
            "title": {"translate":"Instruments (abilité)"},
            "icon": { "type": "texture",
            "texture": "destasia:textures/gui/musique_instruments.png" },
            "bar_color": "pink",
            "commands": [
                "title @p actionbar \"Vous savez jouer de tous les instruments de musique.\""]
            },

        "crie": {
            "ability": "lucraftcore:command",
            "cooldown": 100,
            "show_in_bar": true,
            "title": {"translate":"Crie sonor"},
            "icon": {
                "type": "texture",
                "texture": "destasia:textures/gui/musique_crie.png"},
            "bar_color": "pink",
            "commands": [
            "effect @p[rm=1,r=5] minecraft:slowness 10 5 true",
            "effect @p[rm=1,r=5] minecraft:blindness 10 2 true",
            "effect @p[rm=1,r=5] minecraft:nausea 10 2 true",
            "effect @p[rm=1,r=5] cgm:deafened 10 2 true",
            "particle instantSpell ~ ~ ~ 1 1 1 1 15 @p[rm=1,r=5]",
            "particle instantSpell ~ ~ ~ 1 1 1 1 100",
            "title @p[r=5,rm=1] actionbar \"Vous vous êtes evanuie\""],
            "required_ability" : "toggle"
            },

        "controle_instrumental": {
            "ability": "lucraftcore:command",
            "cooldown": 200,
            "show_in_bar": true,
            "title": {"translate":"Contrôle instrumental (passif)"},
            "icon": { "type": "texture",
            "texture": "destasia:textures/gui/musique_control.png" },
            "bar_color": "pink",
            "commands": [
                "title @p actionbar \"Vous êtes entrain de conroler les emotions des personnes qui sont autour de vous grâce a la musique de votre instrument\"",
                "title @p[r=10,rm=1] actionbar \"Vos emotions son affecter par rapport a la musique que vous entendez\"",
                "particle note ~ ~ ~ 1 1 1 1 15 @p[rm=1,r=5]",
                "particle note ~ ~ ~ 1 1 1 1 100"],
            "required_ability" : "toggle"
            }


	}
}
