{
	"name": {
		"text": "destasia.pouvoir.musique_repulsion_par_ondes_sonor"
	},

	"icon": {
        "type": "texture",
        "texture": "destasia:textures/gui/musique.png"
        },

	"capsule_color": 16549094,

    "effects": [{
        "type": "glowing_hand",
        "color": [ 1, 0.5, 1],
           "size": 1.25,
        "conditions": [{
            "type": "ability_enabled",
            "ability": "lucraftcore:toggle_power"
        }]
    }],

	"abilities": {
		"toggle": {
            "ability": "lucraftcore:toggle_power",
            "show_in_bar": true,
            "title": {"translate":"Activation du pouvoir"},
            "icon": { "type": "texture",
            "texture": "destasia:textures/gui/musique.png" },
            "bar_color": "pink"
            },

        "sonic_scream": {
            "ability": "the-fifth-world:screech",
            "cooldown": 100,
            "show_in_bar": true,
            "title": {"translate":"Répulsion sonor"},
            "icon": { "type": "texture",
            "texture": "destasia:textures/gui/musique_repulsion.png" },
            "bar_color": "pink",
            "damage": 1.0,
            "required_ability" : "toggle"
            },

        "instrument": {
            "ability": "lucraftcore:command",
            "cooldown": 200,
            "show_in_bar": false,
            "title": {"translate":"Instruments (abilité)"},
            "icon": { "type": "texture",
            "texture": "destasia:textures/gui/musique_instruments.png" },
            "bar_color": "pink",
            "commands": [
                "title @p actionbar \"Vous savez jouer de tous les instruments de musique.\""]
            }
    }
}
