{
	"name": {
		"text": "musique_controle_instrumental"
	},

	"icon": {
        "type": "texture",
        "texture": "destasia:textures/gui/musique.png"
        },

	"capsule_color": 16549094,

    "effects": [{
        "type": "glowing_hand",
        "color": [ 1, 0.5, 1],
           "size": 1.25,
        "conditions": [{
            "type": "ability_enabled",
            "ability": "lucraftcore:toggle_power"
        }]
    }],

	"abilities": {
		"toggle": {
            "ability": "lucraftcore:toggle_power",
            "show_in_bar": true,
            "title": {"translate":"Activation du pouvoir"},
            "icon": { "type": "texture",
            "texture": "destasia:textures/gui/musique.png" },
            "bar_color": "pink"
            },

        "controle_instrumental": {
            "ability": "lucraftcore:command",
            "cooldown": 200,
            "show_in_bar": true,
            "title": {"translate":"Contrôle instrumental (passif)"},
            "icon": { "type": "texture",
            "texture": "destasia:textures/gui/musique_control.png" },
            "bar_color": "pink",
            "commands": [
                "title @p actionbar \"Vous conrolez les emotions de personne autour de vous avec votre musique\"",
                "title @p[r=10,rm=1] actionbar \"Vos emotions son affecter par la musique que vous entendez\"",
                "particle note ~ ~ ~ 1 1 1 1 15 @p[rm=1,r=5]",
                "particle note ~ ~ ~ 1 1 1 1 100"],
            "required_ability" : "toggle"
            },

        "instrument": {
            "ability": "lucraftcore:command",
            "cooldown": 200,
            "show_in_bar": false,
            "title": {"translate":"Instruments (abilité)"},
            "icon": { "type": "texture",
            "texture": "destasia:textures/gui/musique_instruments.png" },
            "bar_color": "pink",
            "commands": [
                "title @p actionbar \"Vous savez jouer de tous les instruments de musique.\""]
            }
    }
}
