{
	"name": {
		"text": "plante_somnifere"
	},

	"icon": {
        "type": "texture",
        "texture": "destasia:textures/gui/plante.png"
        },

	"capsule_color": 968744,

	"abilities": {
		"toggle": {
            "ability": "lucraftcore:toggle_power",
            "show_in_bar": true,
            "title": {"translate":"Activation du pouvoir"},
            "icon": { 
                "type": "texture",
                "texture": "destasia:textures/gui/plante.png" },
            "bar_color": "green"
            },

        "connaissance": {
            "ability": "lucraftcore:toggle_power",
            "cooldown": 0,
            "show_in_bar": false,
            "title": {"translate":"Connaissance des plantes (abilité)"},
            "icon": {
                "type": "texture",
                "texture": "destasia:textures/gui/plante_info.png" },
            "bar_color": "green",
            "required_ability": "toggle"
            },

        "somnifere": {
            "ability": "lucraftcore:command",
            "cooldown": 600,
            "show_in_bar": true,
            "title": {"translate":"Somnifère"},
            "icon": {
                "type": "texture",
                "texture": "destasia:textures/gui/plante_somnifere.png"},
            "bar_color": "green",
            "commands": [
            "effect @p[rm=1,r=5] minecraft:slowness 15 5 true",
            "effect @p[rm=1,r=5] minecraft:blindness 15 2 true",
            "particle happyVillager ~ ~ ~ 1 1 1 1 15 @p[rm=1,r=5]",
            "particle happyVillager ~ ~ ~ 1 1 1 1 100",
            "title @p[r=5,rm=1] actionbar \"Vous êtes endormie\""],
            "required_ability" : "toggle"
            }
	}
}