{
	"name": {
		"text": "destasia.plante.liane"
	},

	"icon": {
        "type": "texture",
        "texture": "destasia:textures/gui/plante.png"
        },

	"capsule_color": 968744,

    "effects": [{
        "type": "glowing_hand",
        "color": [ 0, 0.8, 0.2],
           "size": 1.25,
        "conditions": [{
            "type": "ability_enabled",
            "ability": "lucraftcore:potion_punch"
        }]
    }],

	"abilities": {
		"toggle": {
            "ability": "lucraftcore:toggle_power",
            "show_in_bar": true,
            "title": {"translate":"Activation du pouvoir"},
            "icon": { 
                "type": "texture",
                "texture": "destasia:textures/gui/plante.png" },
            "bar_color": "green"
            },

        "connaissance": {
            "ability": "lucraftcore:toggle_power",
            "cooldown": 0,
            "show_in_bar": false,
            "title": {"translate":"Connaissance des plantes (abilité)"},
            "icon": {
                "type": "texture",
                "texture": "destasia:textures/gui/plante_info.png" },
            "bar_color": "green",
            "required_ability": "toggle"
            },

        "lianes": {
            "ability": "lucraftcore:potion_punch",
            "cooldown": 160,
            "show_in_bar": true,
            "title": {"translate":"Lianes d'immobilisations"},
            "icon": {
                "type": "texture",
                "texture": "destasia:textures/gui/plante_lianne.png" },
            "bar_color": "green",
            "potion": "minecraft:slowness",
            "amplifier": 10,
            "duration": 20,
            "required_ability" : "toggle"
            }
	}
}