{
	"name": {
		"text": "plante_fertilisation_accelerer"
	},

	"icon": {
        "type": "texture",
        "texture": "destasia:textures/gui/plante.png"
        },

	"capsule_color": 968744,

	"abilities": {
		"toggle": {
            "ability": "lucraftcore:toggle_power",
            "show_in_bar": true,
            "title": {"translate":"Activation du pouvoir"},
            "icon": { 
                "type": "texture",
                "texture": "destasia:textures/gui/plante.png" },
            "bar_color": "green"
            },

        "fertilisation": {
            "ability": "the-fifth-world:bonemeal_area",
            "cooldown": 0,
            "show_in_bar": true,
            "title": {"translate":"Fertilisation accélérée"},
            "icon": {
                "type": "texture",
                "texture": "destasia:textures/gui/plante_fertilisation.png" },
            "bar_color": "green",
            "radius": 1,
            "required_ability" : "toggle"
            },

        "connaissance": {
            "ability": "lucraftcore:toggle_power",
            "cooldown": 0,
            "show_in_bar": false,
            "title": {"translate":"Connaissance des plantes (abilité)"},
            "icon": {
                "type": "texture",
                "texture": "destasia:textures/gui/plante_info.png" },
            "bar_color": "green",
            "required_ability": "toggle"
            }
	}
}