{
	"name": {
		"text": "destasia.plante.retrecit"
	},

	"icon": {
        "type": "texture",
        "texture": "destasia:textures/gui/plante.png"
        },

	"capsule_color": 968744,

	"abilities": {
		"toggle": {
            "ability": "lucraftcore:toggle_power",
            "show_in_bar": true,
            "title": {"translate":"Activation du pouvoir"},
            "icon": { 
                "type": "texture",
                "texture": "destasia:textures/gui/plante.png" },
            "bar_color": "green"
            },

        "connaissance": {
            "ability": "lucraftcore:toggle_power",
            "cooldown": 0,
            "show_in_bar": false,
            "title": {"translate":"Connaissance des plantes (abilité)"},
            "icon": {
                "type": "texture",
                "texture": "destasia:textures/gui/plante_info.png" },
            "bar_color": "green",
            "required_ability": "toggle"
            },

        "size_change": {
            "ability": "lucraftcore:size_change",
            "cooldown": 6000,
            "show_in_bar": true,
            "title": {"translate":"Rétrécissement"},
            "icon": {
                "type": "texture",
                "texture": "destasia:textures/gui/plante_taille.png" },
            "bar_color": "green",
            "size": 0.1,
            "size_changer": "lucraftcore:default",
            "required_ability": "toggle"
            }
	}
}