{
    "name": {
        "text": "destasia.pouvoir.plante"
    },

    "icon": {
        "type": "texture",
        "texture": "destasia:textures/gui/plante.png"
        },

    "capsule_color": 968744,

    "effects": [{
        "type": "glowing_hand",
        "color": [ 0, 0.8, 0.2],
           "size": 1.25,
        "conditions": [{
            "type": "ability_enabled",
            "ability": "lucraftcore:potion_punch"
        }]
    }],

    "abilities": {
        "toggle": {
            "ability": "lucraftcore:toggle_power",
            "show_in_bar": true,
            "title": {"translate":"Activation du pouvoir"},
            "icon": { 
                "type": "texture",
                "texture": "destasia:textures/gui/plante.png" },
            "bar_color": "green"
            },
        
        "soins_vital": {
            "ability": "lucraftcore:command",
            "cooldown": 100,
            "show_in_bar": true,
            "title": {"translate":"Soins vital"},
            "icon": { 
                "type": "texture",
                "texture": "destasia:textures/gui/plante_soins.png" },
            "bar_color": "green",
            "commands": [
            "effect @p minecraft:regeneration 1 2 true",
            "particle happyVillager ~ ~ ~ 1 1 1 1 100"],
            "required_ability" : "toggle"
            },

        "soins_autrui": {
            "ability": "lucraftcore:command",
            "show_in_bar": true,
            "cooldown": 200,
            "title": {"translate":"Zone vital"},
            "icon": {
                "type": "texture",
                "texture": "destasia:textures/gui/plante_zone_soins.png" },
            "bar_color": "green",
            "commands": [
            "effect @p[rm=1,r=5] minecraft:regeneration 1 2 true",
            "particle happyVillager ~ ~ ~ 1 1 1 1 15 @p[rm=1,r=5]",
            "particle happyVillager ~ ~ ~ 1 1 1 1 100"],
            "required_ability" : "toggle"
            },

        "lianes": {
            "ability": "lucraftcore:potion_punch",
            "cooldown": 160,
            "show_in_bar": true,
            "title": {"translate":"Lianes d'immobilisations"},
            "icon": {
                "type": "texture",
                "texture": "destasia:textures/gui/plante_lianne.png" },
            "bar_color": "green",
            "potion": "minecraft:slowness",
            "amplifier": 10,
            "duration": 20,
            "required_ability" : "toggle"
            },

        "fertilisation": {
            "ability": "the-fifth-world:bonemeal_area",
            "cooldown": 0,
            "show_in_bar": true,
            "title": {"translate":"Fertilisation accélérée"},
            "icon": {
                "type": "texture",
                "texture": "destasia:textures/gui/plante_fertilisation.png" },
            "bar_color": "green",
            "radius": 1,
            "required_ability" : "toggle"
            },

        "connaissance": {
            "ability": "lucraftcore:command",
            "cooldown": 0,
            "show_in_bar": false,
            "title": {"translate":"Connaissance des plantes (abilité)"},
            "icon": {
                "type": "texture",
                "texture": "destasia:textures/gui/plante_info.png" },
            "bar_color": "green",
            "required_ability": "toggle"
            },

        "size_change": {
            "ability": "lucraftcore:size_change",
            "cooldown": 6000,
            "show_in_bar": true,
            "title": {"translate":"Rétrécissement"},
            "icon": {
                "type": "texture",
                "texture": "destasia:textures/gui/plante_taille.png" },
            "bar_color": "green",
            "size": 0.1,
            "size_changer": "lucraftcore:default",
            "required_ability": "toggle"
            },

        "poison": {
            "ability": "lucraftcore:command",
            "show_in_bar": true,
            "cooldown": 200,
            "title": {"translate":"Gaz toxique"},
            "icon": {
                "type": "texture",
                "texture": "destasia:textures/gui/plante_gaz.png" },
            "bar_color": "green",
            "commands": [
            "effect @p[rm=1,r=5] minecraft:poison 3 2 true",
            "particle happyVillager ~ ~ ~ 1 1 1 1 15 @p[rm=1,r=5]",
            "particle happyVillager ~ ~ ~ 1 1 1 1 100"],
            "required_ability" : "toggle"
            },

        "somnifere": {
            "ability": "lucraftcore:command",
            "cooldown": 200,
            "show_in_bar": true,
            "title": {"translate":"Somnifère"},
            "icon": {
                "type": "texture",
                "texture": "destasia:textures/gui/plante_somnifere.png"},
            "bar_color": "green",
            "commands": [
            "effect @p[rm=1,r=5] minecraft:slowness 15 5 true",
            "effect @p[rm=1,r=5] minecraft:blindness 15 2 true",
            "particle happyVillager ~ ~ ~ 1 1 1 1 15 @p[rm=1,r=5]",
            "particle happyVillager ~ ~ ~ 1 1 1 1 100",
            "title @p[r=5,rm=1] actionbar \"Vous êtes endormie\""],
            "required_ability" : "toggle"
            }
    }
}