{
	"name": {
		"text": "plante_soin_vital"
	},

	"icon": {
        "type": "texture",
        "texture": "destasia:textures/gui/plante.png"
        },

	"capsule_color": 968744,

	"abilities": {
		"toggle": {
            "ability": "lucraftcore:toggle_power",
            "show_in_bar": true,
            "title": {"translate":"Activation du pouvoir"},
            "icon": { 
                "type": "texture",
                "texture": "destasia:textures/gui/plante.png" },
            "bar_color": "green"
            },

        "connaissance": {
            "ability": "lucraftcore:toggle_power",
            "cooldown": 0,
            "show_in_bar": false,
            "title": {"translate":"Connaissance des plantes (abilité)"},
            "icon": {
                "type": "texture",
                "texture": "destasia:textures/gui/plante_info.png" },
            "bar_color": "green",
            "required_ability": "toggle"
            },
        
        "soins_vital": {
            "ability": "lucraftcore:command",
            "cooldown": 100,
            "show_in_bar": true,
            "title": {"translate":"Soins vital"},
            "icon": { 
                "type": "texture",
                "texture": "destasia:textures/gui/plante_soins.png" },
            "bar_color": "green",
            "commands": [
            "effect @p minecraft:regeneration 1 2 true",
            "particle happyVillager ~ ~ ~ 1 1 1 1 100"],
            "required_ability" : "toggle"
            }
	}
}