{
	"name": {
		"text": "plante_gaz_toxique"
	},

	"icon": {
        "type": "texture",
        "texture": "destasia:textures/gui/plante.png"
        },

	"capsule_color": 968744,

    "effects": [{
        "type": "glowing_hand",
        "color": [ 0, 0.8, 0.2],
           "size": 1.25,
        "conditions": [{
            "type": "ability_enabled",
            "ability": "lucraftcore:potion_punch"
        }]
    }],

	"abilities": {
		"toggle": {
            "ability": "lucraftcore:toggle_power",
            "show_in_bar": true,
            "title": {"translate":"Activation du pouvoir"},
            "icon": { 
                "type": "texture",
                "texture": "destasia:textures/gui/plante.png" },
            "bar_color": "green"
            },

        "poison": {
            "ability": "lucraftcore:command",
            "show_in_bar": true,
            "cooldown": 200,
            "title": {"translate":"Gaz toxique"},
            "icon": {
                "type": "texture",
                "texture": "destasia:textures/gui/plante_gaz.png" },
            "bar_color": "green",
            "commands": [
            "effect @p[rm=1,r=5] minecraft:poison 3 2 true",
            "particle happyVillager ~ ~ ~ 1 1 1 1 15 @p[rm=1,r=5]",
            "particle happyVillager ~ ~ ~ 1 1 1 1 100"],
            "required_ability" : "toggle"
            }
	}
}