{
	"name": {
		"text": "destasia.pouvoir.pouvoir"
	},

	"icon": { "type": "internal" },

	"capsule_color": 0,

	"abilities": {
		"toggle": {
            "ability": "lucraftcore:toggle_power",
            "show_in_bar": true,
            "title": {"translate":"Activation du pouvoir"},
            "icon": { "type": "internal" },
            "bar_color": "brown"
            },
        
        "starving": {
            "ability": "the-fifth-world:starving",
            "show_in_bar": false,
            "title": {"translate":"the-fifth-world.abilities.starving.name"},
            "icon": { "type": "internal" },
            "bar_color": "light_gray"
            },

        "make_hostile": {
            "ability": "the-fifth-world:make_hostile",
            "show_in_bar": false,
            "title": {"translate":"the-fifth-world.abilities.make_hostile.name"},
            "icon": { "type": "internal" },
            "bar_color": "light_gray"
            },

        "screech": {
            "ability": "the-fifth-world:screech",
            "cooldown": 0,
            "show_in_bar": true,
            "title": {"translate":"the-fifth-world.abilities.screech.name"},
            "icon": { "type": "internal" },
            "bar_color": "light_gray",
            "damage": 1.0
            },

        "lay_egg": {
            "ability": "the-fifth-world:lay_egg",
            "cooldown": 0,
            "show_in_bar": true,
            "title": {"translate":"the-fifth-world.abilities.lay_egg.name"},
            "icon": { "type": "internal" },
            "bar_color": "light_gray"
            },

        "eat_block": {
            "ability": "the-fifth-world:eat_block",
            "cooldown": 0,
            "show_in_bar": true,
            "title": {"translate":"the-fifth-world.abilities.eat_block.name"},
            "icon": { "type": "internal" },
            "bar_color": "light_gray",
            "saturation": 1.0,
            "food": 1,
            "from": "minecraft:stone",
            "to": "minecraft:stone"
            },

        "potion_immunity": {
            "ability": "the-fifth-world:potion_immunity",
            "show_in_bar": false,
            "title": {"translate":"the-fifth-world.abilities.potion_immunity.name"},
            "icon": { "type": "internal" },
            "bar_color": "light_gray",
            "potion": "minecraft:poison"
            },

        "explode": {
            "ability": "the-fifth-world:explode",
            "cooldown": 0,
            "show_in_bar": true,
            "title": {"translate":"the-fifth-world.abilities.explode.name"},
            "icon": { "type": "internal" },
            "bar_color": "light_gray",
            "strength": 2
            },

        "give_potion": {
            "ability": "the-fifth-world:give_potion",
            "cooldown": 100,
            "show_in_bar": true,
            "title": {"translate":"the-fifth-world.abilities.give_potion.name"},
            "icon": { "type": "internal" },
            "bar_color": "light_gray",
            "potion": "minecraft:health_boost",
            "amplifier": 0
            },

        "concussive_blast": {
            "ability": "star-tech:concussive_blast",
            "cooldown": 0,
            "show_in_bar": true,
            "title": {"translate":"star-tech.abilities.concussive_blast.name"},
            "icon": { "type": "internal" },
            "bar_color": "light_gray",
            "damage": 1.0,
            "duration": 5
            },

        "tendrils": {
            "ability": "star-tech:tendrils",
            "cooldown": 0,
            "show_in_bar": true,
            "title": {"translate":"Tentacule"},
            "icon": { "type": "internal" },
            "bar_color": "light_gray"
            },

        "power_blast": {
            "ability": "star-tech:power_blast",
            "cooldown": 0,
            "show_in_bar": true,
            "title": {"translate":"star-tech.abilities.power_blast.name"},
            "icon": { "type": "internal" },
            "bar_color": "light_gray",
            "duration": 10
            },


        // "power_cyclone": {
        //     "ability": "star-tech:power_cyclone",
        //     "show_in_bar": false,
        //     "title": {"translate":"star-tech.abilities.power_cyclone.name"},
        //     "icon": { "type": "internal" },
        //     "bar_color": "light_gray"
        //     },

        "power_impower": {
            "ability": "star-tech:power_impower",
            "cooldown": 0,
            "show_in_bar": true,
            "title": {"translate":"star-tech.abilities.power_impower.name"},
            "icon": { "type": "internal" },
            "bar_color": "light_gray"
            },

        "power_rocket_burst": {
            "ability": "star-tech:power_rocket_burst",
            "cooldown": 0,
            "show_in_bar": true,
            "title": {"translate":"star-tech.abilities.power_rocket_burst.name"},
            "icon": { "type": "internal" },
            "bar_color": "light_gray"
            },

        "power_give_burnout": {
            "ability": "star-tech:power_give_burnout",
            "show_in_bar": false,
            "title": {"translate":"star-tech.abilities.power_give_burnout.name"},
            "icon": { "type": "internal" },
            "bar_color": "light_gray"
            },

        "faceplate": {
            "ability": "ironman:faceplate",
            "cooldown": 0,
            "show_in_bar": true,
            "title": {"translate":"ironman.abilities.faceplate.name"},
            "icon": { "type": "internal" },
            "bar_color": "light_gray"
            },


        "change_item": {
            "ability": "the-fifth-world:change_item",
            "cooldown": 0,
            "show_in_bar": true,
            "title": {"translate":"the-fifth-world.abilities.change_item.name"},
            "icon": { "type": "internal" },
            "bar_color": "light_gray",
            "from": { "item": "minecraft:string", "data": 0, "count": 1 },
            "to": { "item": "minecraft:snowball", "data": 0, "count": 1 }
            }
	}
}