{
	"name": {
		"text": "destasia.pouvoir.staff"
	},

	"icon": {
        "type": "texture",
        "texture": "destasia:textures/gui/logo.png"
        },

	"capsule_color": 8388736,

	"abilities": {
		"toggle": {
            "ability": "lucraftcore:toggle_power",
            "show_in_bar": true,
            "title": {"translate":"Activation du pouvoir"},
            "icon": {
                "type": "texture",
                "texture": "destasia:textures/gui/logo.png"},
            "bar_color": "light_gray"
            },

        "dimension_breach": {
            "ability": "speedsterheroes:dimension_breach",
            "cooldown": 0,
            "show_in_bar": true,
            "title": {"translate":"speedsterheroes.abilities.dimension_breach.name"},
            "icon": { "type": "internal" },
            "bar_color": "light_gray",
            "required_ability" : "toggle"
            },

        "portal": {
            "ability": "heroesexpansion:portal",
            "cooldown": 0,
            "show_in_bar": true,
            "title": {"translate":"heroesexpansion.abilities.portal.name"},
            "icon": { "type": "internal" },
            "bar_color": "light_gray",
            "required_ability" : "toggle"
            },

        "turn_into_bubbles": {
            "ability": "speedsterheroes:turn_into_bubbles",
            "cooldown": 0,
            "show_in_bar": true,
            "title": {"translate":"speedsterheroes.abilities.turn_into_bubbles.name"},
            "icon": { "type": "internal" },
            "bar_color": "light_gray",
            "required_ability" : "toggle"
            },

        "grab_entity": {
            "ability": "heroesexpansion:grab_entity",
            "cooldown": 0,
            "show_in_bar": true,
            "title": {"translate":"heroesexpansion.abilities.grab_entity.name"},
            "icon": { "type": "internal" },
            "bar_color": "light_gray",
            "required_ability" : "toggle"
            }
	}
}