{
	"name": {
		"text": "terre_traverser_les_murs"
	},

	"icon": {
        "type": "texture",
        "texture": "destasia:textures/gui/terre.png"
        },

	"capsule_color": 10824202,

	"abilities": {
		"toggle": {
            "ability": "lucraftcore:toggle_power",
            "show_in_bar": true,
            "title": {"translate":"Activation du pouvoir"},
            "icon": {
                "type": "texture",
                "texture": "destasia:textures/gui/terre.png"},
            "bar_color": "orange"
            },

        "resistance_ability": {
            "ability": "lucraftcore:resistance",
            "show_in_bar": false,
            "title": {"translate":"Résistance (abilités)"},
            "icon": {
                "type": "texture",
                "texture": "destasia:textures/gui/terre_resistance.png"},
            "bar_color": "orange",
            "amount": 1,
            "operation": 0,
            "uuid": "0669d99d-b34d-40fc-a4d8-c7ee963cc842"
            },

        "strength_ability": {
            "ability": "lucraftcore:strength",
            "show_in_bar": false,
            "title": {"translate":"Force (abilité)"},
            "icon": {
                "type": "texture",
                "texture": "destasia:textures/gui/terre_force.png"},
            "bar_color": "orange",
            "amount": 1,
            "operation": 0,
            "uuid": "0669d99d-b34d-40fc-a4d8-c7ee963cc842"
            },

        "phasing": {
            "ability": "speedsterheroes:phasing",
            "cooldown": 60,
            "show_in_bar": true,
            "title": {"translate":"Traverser les murs"},
            "icon": { "type": "texture",
            "texture": "destasia:textures/gui/terre_traverser_mur.png"},
            "bar_color": "orange",
            "required_ability" : "toggle"
            }
    }
}