{
	"name": {
		"text": "destasia.pouvoir.terre"
	},

	"icon": {
        "type": "texture",
        "texture": "destasia:textures/gui/terre.png"
        },

	"capsule_color": 10824202,

	"abilities": {
		"toggle": {
            "ability": "lucraftcore:toggle_power",
            "show_in_bar": true,
            "title": {"translate":"Activation du pouvoir"},
            "icon": {
                "type": "texture",
                "texture": "destasia:textures/gui/terre.png"},
            "bar_color": "orange"
            },

        "resistance_ability": {
            "ability": "lucraftcore:resistance",
            "show_in_bar": false,
            "title": {"translate":"Résistance (abilités)"},
            "icon": {
                "type": "texture",
                "texture": "destasia:textures/gui/terre_resistance.png"},
            "bar_color": "orange",
            "amount": 1,
            "operation": 0,
            "uuid": "0669d99d-b34d-40fc-a4d8-c7ee963cc842"
            },

        "strength_ability": {
            "ability": "lucraftcore:strength",
            "show_in_bar": false,
            "title": {"translate":"Force (abilité)"},
            "icon": {
                "type": "texture",
                "texture": "destasia:textures/gui/terre_force.png"},
            "bar_color": "orange",
            "amount": 1,
            "operation": 0,
            "uuid": "0669d99d-b34d-40fc-a4d8-c7ee963cc842"
            },
        
        "force_field": {
            "ability": "heroesexpansion:force_field",
            "cooldown": 200,
            "show_in_bar": true,
            "title": {"translate":"Bouclier de Terre "},
            "icon": { "type": "texture",
            "texture": "destasia:textures/gui/terre_bouclier.png" },
            "bar_color": "orange",
            "color": [88, 41, 0],
            "required_ability": "toggle"
            },

        "energy_blast": {
            "ability": "lucraftcore:energy_blast",
            "cooldown": 100,
            "show_in_bar": true,
            "title": {"translate":"Boule de terre"},
            "icon": { "type": "texture",
            "texture": "destasia:textures/gui/terre_tir_de_boue.png" },
            "bar_color": "orange",
            "damage": 4,
            "play_sound": false,                
            "invisible": false,
            "color": [88, 41, 0],
            "required_ability": "toggle"
            },

        "potion_punch": {
            "ability": "lucraftcore:potion_punch",
            "cooldown": 100,
            "show_in_bar": true,
            "title": {"translate":"Embouer"},
            "icon": { "type": "texture",
            "texture": "destasia:textures/gui/terre_embouer.png" },
            "bar_color": "orange",
            "potion": "minecraft:slowness",
            "amplifier": 5,
            "duration": 60,
            "required_ability" : "toggle"
            },

        "pics_rocher":{
            "ability": "lucraftcore:command",
            "show_in_bar": true,
            "title": {"text": "Pics de rocher"},
            "cooldown": 300,
            "icon": { "type": "texture",
            "texture": "destasia:textures/gui/terre_pique_de_terre.png" },
            "bar_color": "orange",
            "commands": ["summon evocation_fangs @p[rm=1,r=6]",
            "summon  evocation_fangs @p[rm=1,r=6]",
            "playsound block.anvil.drop block @a[r=10]"],
            "required_ability" : "toggle"
            },

        "regeneration": {
            "ability": "lucraftcore:command",
            "cooldown": 100,
            "show_in_bar": true,
            "title": {"translate":"Regeneration terrestre"},
            "icon": { "type": "texture",
            "texture": "destasia:textures/gui/terre_regeneration.png" },
            "bar_color": "orange",
            "commands": [
            "effect @p minecraft:regeneration 2 2 true",
            "particle damageIndicator ~ ~ ~ 1 1 1 1 100"],
            "required_ability" : "toggle"
            },

        "phasing": {
            "ability": "speedsterheroes:phasing",
            "cooldown": 60,
            "show_in_bar": true,
            "title": {"translate":"Traverser les murs"},
            "icon": { "type": "texture",
            "texture": "destasia:textures/gui/terre_traverser_mur.png"},
            "bar_color": "orange",
            "required_ability" : "toggle"
            },

        "soins_autrui": {
            "ability": "lucraftcore:command",
            "show_in_bar": true,
            "cooldown": 200,
            "title": {"translate":"Soins autrui"},
            "icon": { "type": "texture",
            "texture": "destasia:textures/gui/terre_soins_autrui.png" },
            "bar_color": "orange",
            "commands": [
            "effect @p[rm=1,r=5] minecraft:regeneration 1 2 true"],
            "required_ability" : "toggle"
            }
	}
}