{
	"name": {
		"text": "terre_soins_sur_autrui"
	},

	"icon": {
        "type": "texture",
        "texture": "destasia:textures/gui/terre.png"
        },

	"capsule_color": 10824202,

	"abilities": {
		"toggle": {
            "ability": "lucraftcore:toggle_power",
            "show_in_bar": true,
            "title": {"translate":"Activation du pouvoir"},
            "icon": {
                "type": "texture",
                "texture": "destasia:textures/gui/terre.png"},
            "bar_color": "orange"
            },

        "resistance_ability": {
            "ability": "lucraftcore:resistance",
            "show_in_bar": false,
            "title": {"translate":"Résistance (abilités)"},
            "icon": {
                "type": "texture",
                "texture": "destasia:textures/gui/terre_resistance.png"},
            "bar_color": "orange",
            "amount": 1,
            "operation": 0,
            "uuid": "0669d99d-b34d-40fc-a4d8-c7ee963cc842"
            },

        "strength_ability": {
            "ability": "lucraftcore:strength",
            "show_in_bar": false,
            "title": {"translate":"Force (abilité)"},
            "icon": {
                "type": "texture",
                "texture": "destasia:textures/gui/terre_force.png"},
            "bar_color": "orange",
            "amount": 1,
            "operation": 0,
            "uuid": "0669d99d-b34d-40fc-a4d8-c7ee963cc842"
            },

        "soins_autrui": {
            "ability": "lucraftcore:command",
            "show_in_bar": true,
            "cooldown": 200,
            "title": {"translate":"Soins autrui"},
            "icon": { "type": "texture",
            "texture": "destasia:textures/gui/terre_soins_autrui.png" },
            "bar_color": "orange",
            "commands": [
            "effect @p[rm=1,r=5] minecraft:regeneration 1 2 true"],
            "required_ability" : "toggle"
            }
    }
}